Dim,Status,Runtime,Heap,IR Cnt,Code Size B,Func Size B
8,PASS,1,32824,4008,1586,336
9,PASS,1,32824,5020,1586,336
10,PASS,2,32824,6148,1586,336
11,PASS,2,32824,7392,1586,336
12,PASS,2,32824,8752,1586,336
13,PASS,3,32824,10228,1586,336
14,PASS,2,32824,11820,1586,336
15,PASS,3,32824,13528,1586,336
16,PASS,3,32824,15352,1586,336
17,PASS,3,32824,17292,1586,336
18,PASS,4,32824,19348,1586,336
19,PASS,5,32824,21520,1586,336
20,PASS,5,32824,23808,1586,336
21,PASS,6,32824,26212,1586,336
22,PASS,6,32824,28732,1586,336
23,PASS,6,32824,31368,1586,336
24,PASS,7,32824,34120,1586,336
25,PASS,8,32824,36988,1586,336
26,PASS,8,32824,39972,1586,336
27,PASS,8,32824,43072,1586,336
28,PASS,9,32824,46288,1586,336
29,PASS,10,32824,49620,1586,336
30,PASS,10,32824,53068,1586,336
31,PASS,11,32824,56632,1586,336
32,PASS,12,32824,60312,1586,336
33,PASS,13,32824,64108,1586,336
34,PASS,14,32824,68020,1586,336
35,PASS,14,32824,72048,1586,336
36,PASS,15,32824,76192,1586,336
37,PASS,16,32824,80452,1586,336
38,PASS,17,32824,84828,1586,336
39,PASS,18,32824,89320,1586,336
40,PASS,18,32824,93928,1586,336
41,PASS,19,32824,98652,1586,336
42,PASS,21,32824,103492,1586,336
43,PASS,22,32824,108448,1586,336
44,PASS,23,32824,113520,1586,336
45,PASS,23,32824,118708,1586,336
46,PASS,24,32824,124012,1586,336
47,PASS,26,32824,129432,1586,336
48,PASS,27,32824,134968,1586,336
49,PASS,27,32824,140620,1586,336
50,PASS,28,32824,146388,1586,336
51,PASS,30,32824,152272,1586,336
52,PASS,31,32824,158272,1586,336
53,PASS,32,32824,164388,1586,336
54,PASS,34,32824,170620,1586,336
55,PASS,35,32824,176968,1586,336
56,PASS,36,32824,183432,1586,336
57,PASS,37,32824,190012,1586,336
58,PASS,38,32824,196708,1586,336
59,PASS,40,32824,203520,1586,336
60,PASS,41,32824,210448,1586,336
61,PASS,42,32824,217492,1586,336
62,PASS,44,32824,224652,1586,336
63,PASS,45,32824,231928,1586,336
64,PASS,46,32824,239320,1586,336
65,PASS,48,32824,246828,1586,336
66,PASS,49,32824,254452,1586,336
67,PASS,51,32824,262192,1586,336
68,PASS,53,32824,270048,1586,336
69,PASS,54,32824,278020,1586,336
70,PASS,56,32824,286108,1586,336
71,PASS,57,32824,294312,1586,336
72,PASS,59,32824,302632,1586,336
73,PASS,60,32824,311068,1586,336
74,PASS,62,32824,319620,1586,336
75,PASS,64,32824,328288,1586,336
76,PASS,66,32824,337072,1586,336
77,PASS,68,32824,345972,1586,336
78,PASS,70,32824,354988,1586,336
79,PASS,71,32824,364120,1586,336
80,PASS,74,32824,373368,1586,336
81,PASS,76,32824,382732,1586,336
82,PASS,77,32824,392212,1586,336
83,PASS,79,32824,401808,1586,336
84,PASS,81,32824,411520,1586,336
85,PASS,83,32824,421348,1586,336
86,PASS,85,32824,431292,1586,336
87,PASS,87,32824,441352,1586,336
88,PASS,89,32824,451528,1586,336
89,PASS,91,32824,461820,1586,336
90,PASS,92,32824,472228,1586,336
91,PASS,94,32824,482752,1586,336
92,PASS,96,32824,493392,1586,336
93,PASS,99,32824,504148,1586,336
94,PASS,100,32824,515020,1586,336
95,PASS,103,32824,526008,1586,336
96,PASS,105,32824,537112,1586,336
97,PASS,108,32824,548332,1586,336
98,PASS,110,32824,559668,1586,336
99,PASS,112,32824,571120,1586,336
100,PASS,115,32824,582688,1586,336
101,PASS,116,32824,594372,1586,336
102,PASS,119,32824,606172,1586,336
103,PASS,121,32824,618088,1586,336
104,PASS,124,32824,630120,1586,336
105,PASS,126,32824,642268,1586,336
106,PASS,135,32824,654532,1586,336
107,PASS,132,32824,666912,1586,336
108,PASS,135,32824,679408,1586,336
109,PASS,136,32824,692020,1586,336
110,PASS,140,32824,704748,1586,336
111,PASS,141,32824,717592,1586,336
112,PASS,143,32824,730552,1586,336
113,PASS,147,32824,743628,1586,336
114,PASS,148,32824,756820,1586,336
115,PASS,151,32824,770128,1586,336
116,PASS,153,32824,783552,1586,336
117,PASS,157,32824,797092,1586,336
118,PASS,159,32824,810748,1586,336
119,PASS,161,32824,824520,1586,336
120,PASS,164,32824,838408,1586,336
121,PASS,167,32824,852412,1586,336
122,PASS,170,32824,866532,1586,336
123,PASS,175,32824,880768,1586,336
124,PASS,175,32824,895120,1586,336
125,PASS,179,32824,909588,1586,336
126,PASS,181,32824,924172,1586,336
127,PASS,184,32824,938872,1586,336
128,PASS,189,32824,953688,1586,336
129,PASS,190,32824,968620,1586,336
130,PASS,193,32824,983668,1586,336
131,PASS,196,32824,998832,1586,336
132,PASS,200,32824,1014112,1586,336
133,PASS,202,32824,1029508,1586,336
134,PASS,205,32824,1045020,1586,336
135,PASS,208,32824,1060648,1586,336
136,PASS,218,32824,1076392,1586,336
137,PASS,214,32824,1092252,1586,336
138,PASS,219,32824,1108228,1586,336
139,PASS,232,32824,1124320,1586,336
140,PASS,230,32824,1140528,1586,336
141,PASS,227,32824,1156852,1586,336
142,PASS,232,32824,1173292,1586,336
143,PASS,243,32824,1189848,1586,336
144,PASS,237,32824,1206520,1586,336
145,PASS,239,32824,1223308,1586,336
146,PASS,249,32824,1240212,1586,336
147,PASS,248,32824,1257232,1586,336
148,PASS,250,32824,1274368,1586,336
149,PASS,254,32824,1291620,1586,336
150,PASS,259,32824,1308988,1586,336
151,PASS,260,32824,1326472,1586,336
152,PASS,273,32824,1344072,1586,336
153,PASS,270,32824,1361788,1586,336
154,PASS,270,32824,1379620,1586,336
155,PASS,274,32824,1397568,1586,336
156,PASS,277,32824,1415632,1586,336
157,PASS,281,32824,1433812,1586,336
158,PASS,285,32824,1452108,1586,336
159,PASS,294,32824,1470520,1586,336
160,PASS,292,32824,1489048,1586,336
161,PASS,298,32824,1507692,1586,336
162,PASS,302,32824,1526452,1586,336
163,PASS,303,32824,1545328,1586,336
164,PASS,307,32824,1564320,1586,336
165,PASS,313,32824,1583428,1586,336
166,PASS,323,32824,1602652,1586,336
167,PASS,325,32824,1621992,1586,336
168,PASS,322,32824,1641448,1586,336
169,PASS,325,32824,1661020,1586,336
170,PASS,333,32824,1680708,1586,336
171,PASS,334,32824,1700512,1586,336
172,PASS,337,32824,1720432,1586,336
173,PASS,341,32824,1740468,1586,336
174,PASS,345,32824,1760620,1586,336
175,PASS,349,32824,1780888,1586,336
176,PASS,353,32824,1801272,1586,336
177,PASS,364,32824,1821772,1586,336
178,PASS,364,32824,1842388,1586,336
179,PASS,365,32824,1863120,1586,336
180,PASS,370,32824,1883968,1586,336
181,PASS,373,32824,1904932,1586,336
182,PASS,377,32824,1926012,1586,336
183,PASS,381,32824,1947208,1586,336
184,PASS,386,32824,1968520,1586,336
185,PASS,396,32824,1989948,1586,336
186,PASS,394,32824,2011492,1586,336
187,PASS,399,32824,2033152,1586,336
188,PASS,403,32824,2054928,1586,336
189,PASS,411,32824,2076820,1586,336
190,PASS,420,32824,2098828,1586,336
191,PASS,417,32824,2120952,1586,336
192,PASS,424,32824,2143192,1586,336
193,PASS,428,32824,2165548,1586,336
194,PASS,429,32824,2188020,1586,336
195,PASS,443,32824,2210608,1586,336
196,PASS,438,32824,2233312,1586,336
197,PASS,448,32824,2256132,1586,336
198,PASS,457,32824,2279068,1586,336
199,PASS,460,32824,2302120,1586,336
200,PASS,456,32824,2325288,1586,336
201,PASS,461,32824,2348572,1586,336
202,PASS,475,32824,2371972,1586,336
203,PASS,477,32824,2395488,1586,336
204,PASS,478,32824,2419120,1586,336
205,PASS,483,32824,2442868,1586,336
206,PASS,484,32824,2466732,1586,336
207,PASS,498,32824,2490712,1586,336
208,PASS,497,32824,2514808,1586,336
209,PASS,504,32824,2539020,1586,336
210,PASS,503,32824,2563348,1586,336
211,PASS,519,32824,2587792,1586,336
212,PASS,513,32824,2612352,1586,336
213,PASS,517,32824,2637028,1586,336
214,PASS,529,32824,2661820,1586,336
215,PASS,526,32824,2686728,1586,336
216,PASS,532,32824,2711752,1586,336
217,PASS,547,32824,2736892,1586,336
218,PASS,546,32824,2762148,1586,336
219,PASS,547,32824,2787520,1586,336
220,PASS,557,32824,2813008,1586,336
221,PASS,562,32824,2838612,1586,336
222,PASS,562,32824,2864332,1586,336
223,PASS,578,32824,2890168,1586,336
224,PASS,572,32824,2916120,1586,336
225,PASS,583,32824,2942188,1586,336
226,PASS,582,32824,2968372,1586,336
227,PASS,594,32824,2994672,1586,336
228,PASS,599,32824,3021088,1586,336
229,PASS,598,32824,3047620,1586,336
230,PASS,608,32824,3074268,1586,336
231,PASS,618,32824,3101032,1586,336
232,PASS,619,32824,3127912,1586,336
233,PASS,624,32824,3154908,1586,336
234,PASS,631,32824,3182020,1586,336
235,PASS,641,32824,3209248,1586,336
236,PASS,642,32824,3236592,1586,336
237,PASS,652,32824,3264052,1586,336
238,PASS,652,32824,3291628,1586,336
239,PASS,653,32824,3319320,1586,336
240,PASS,665,32824,3347128,1586,336
241,PASS,668,32824,3375052,1586,336
242,PASS,696,32824,3403092,1586,336
243,PASS,687,32824,3431248,1586,336
244,PASS,687,32824,3459520,1586,336
245,PASS,693,32824,3487908,1586,336
246,PASS,696,32824,3516412,1586,336
247,PASS,703,32824,3545032,1586,336
248,PASS,708,32824,3573768,1586,336
249,PASS,715,32824,3602620,1586,336
250,PASS,714,32824,3631588,1586,336
251,PASS,726,32824,3660672,1586,336
252,PASS,732,32824,3689872,1586,336
253,PASS,737,32824,3719188,1586,336
254,PASS,749,32824,3748620,1586,336
255,PASS,743,32824,3778168,1586,336
256,PASS,755,32824,3807832,1586,336
257,PASS,754,32824,3837612,1586,336
258,PASS,767,32824,3867508,1586,336
259,PASS,773,32824,3897520,1586,336
260,PASS,778,32824,3927648,1586,336
261,PASS,794,32824,3957892,1586,336
262,PASS,796,32824,3988252,1586,336
263,PASS,797,32824,4018728,1586,336
264,PASS,802,32824,4049320,1586,336
265,PASS,808,32824,4080028,1586,336
266,PASS,814,32824,4110852,1586,336
267,PASS,828,32824,4141792,1586,336
268,PASS,834,32824,4172848,1586,336
269,PASS,832,32824,4204020,1586,336
270,PASS,839,32824,4235308,1586,336
271,PASS,853,32824,4266712,1586,336
272,PASS,845,32824,4298232,1586,336
273,PASS,859,32824,4329868,1586,336
274,PASS,862,32824,4361620,1586,336
275,PASS,876,32824,4393488,1586,336
276,PASS,884,32824,4425472,1586,336
277,PASS,890,32824,4457572,1586,336
278,PASS,896,32824,4489788,1586,336
279,PASS,903,32824,4522120,1586,336
280,PASS,911,32824,4554568,1586,336
281,PASS,917,32824,4587132,1586,336
282,PASS,913,32824,4619812,1586,336
283,PASS,925,32824,4652608,1586,336
284,PASS,933,32824,4685520,1586,336
285,PASS,943,32824,4718548,1586,336
286,PASS,947,32824,4751692,1586,336
287,PASS,953,32824,4784952,1586,336
288,PASS,954,32824,4818328,1586,336
289,PASS,960,32824,4851820,1586,336
290,PASS,967,32824,4885428,1586,336
291,PASS,981,32824,4919152,1586,336
292,PASS,986,32824,4952992,1586,336
293,PASS,987,32824,4986948,1586,336
294,PASS,992,32824,5021020,1586,336
295,PASS,1000,32824,5055208,1586,336
296,PASS,1015,32824,5089512,1586,336
297,PASS,1013,32824,5123932,1586,336
298,PASS,1028,32824,5158468,1586,336
299,PASS,1026,32824,5193120,1586,336
300,PASS,1034,32824,5227888,1586,336
301,PASS,1042,32824,5262772,1586,336
302,PASS,1046,32824,5297772,1586,336
303,PASS,1051,32824,5332888,1586,336
304,PASS,1069,32824,5368120,1586,336
305,PASS,1079,32824,5403468,1586,336
306,PASS,1075,32824,5438932,1586,336
307,PASS,1084,32824,5474512,1586,336
308,PASS,1088,32824,5510208,1586,336
309,PASS,1096,32824,5546020,1586,336
310,PASS,1106,32824,5581948,1586,336
311,PASS,1110,32824,5617992,1586,336
312,PASS,1116,32824,5654152,1586,336
313,PASS,1133,32824,5690428,1586,336
314,PASS,1137,32824,5726820,1586,336
315,PASS,1152,32824,5763328,1586,336
316,PASS,1154,32824,5799952,1586,336
317,PASS,1162,32824,5836692,1586,336
318,PASS,1166,32824,5873548,1586,336
319,PASS,1168,32824,5910520,1586,336
320,PASS,1174,32824,5947608,1586,336
321,PASS,1192,32824,5984812,1586,336
322,PASS,1202,32824,6022132,1586,336
323,PASS,1205,32824,6059568,1586,336
324,PASS,1203,32824,6097120,1586,336
325,PASS,1222,32824,6134788,1586,336
326,PASS,1231,32824,6172572,1586,336
327,PASS,1236,32824,6210472,1586,336
328,PASS,1234,32824,6248488,1586,336
329,PASS,1241,32824,6286620,1586,336
330,PASS,1254,32824,6324868,1586,336
331,PASS,1256,32824,6363232,1586,336
332,PASS,1264,32824,6401712,1586,336
333,PASS,1282,32824,6440308,1586,336
334,PASS,1280,32824,6479020,1586,336
335,PASS,1285,32824,6517848,1586,336
336,PASS,1294,32824,6556792,1586,336
337,PASS,1306,32824,6595852,1586,336
338,PASS,1308,32824,6635028,1586,336
339,PASS,1323,32824,6674320,1586,336
340,PASS,1329,32824,6713728,1586,336
341,PASS,1342,32824,6753252,1586,336
342,PASS,1339,32824,6792892,1586,336
343,PASS,1359,32824,6832648,1586,336
344,PASS,1356,32824,6872520,1586,336
345,PASS,1363,32824,6912508,1586,336
346,PASS,1387,32824,6952612,1586,336
347,PASS,1390,32824,6992832,1586,336
348,PASS,1386,32824,7033168,1586,336
349,PASS,1412,32824,7073620,1586,336
350,PASS,1420,32824,7114188,1586,336
351,PASS,1422,32824,7154872,1586,336
352,PASS,1427,32824,7195672,1586,336
353,PASS,1440,32824,7236588,1586,336
354,PASS,1448,32824,7277620,1586,336
355,PASS,1454,32824,7318768,1586,336
356,PASS,1453,32824,7360032,1586,336
357,PASS,1478,32824,7401412,1586,336
358,PASS,1472,32824,7442908,1586,336
359,PASS,1489,32824,7484520,1586,336
360,PASS,1502,32824,7526248,1586,336
361,PASS,1491,32824,7568092,1586,336
362,PASS,1499,32824,7610052,1586,336
363,PASS,1531,32824,7652128,1586,336
364,PASS,1524,32824,7694320,1586,336
365,PASS,1527,32824,7736628,1586,336
366,PASS,1553,32824,7779052,1586,336
367,PASS,1544,32824,7821592,1586,336
368,PASS,1568,32824,7864248,1586,336
369,PASS,1560,32824,7907020,1586,336
370,PASS,1568,32824,7949908,1586,336
371,PASS,1581,32824,7992912,1586,336
372,PASS,1602,32824,8036032,1586,336
373,PASS,1593,32824,8079268,1586,336
374,PASS,1605,32824,8122620,1586,336
375,PASS,1627,32824,8166088,1586,336
376,PASS,1623,32824,8209672,1586,336
377,PASS,1647,32824,8253372,1586,336
378,PASS,1636,32824,8297188,1586,336
379,PASS,1662,32824,8341120,1586,336
380,PASS,1654,32824,8385168,1586,336
381,PASS,1665,32824,8429332,1586,336
382,PASS,1684,32824,8473612,1586,336
383,PASS,1700,32824,8518008,1586,336
384,PASS,1707,32824,8562520,1586,336
385,PASS,1698,32824,8607148,1586,336
386,PASS,1720,32824,8651892,1586,336
387,PASS,1733,32824,8696752,1586,336
388,PASS,1721,32824,8741728,1586,336
389,PASS,1740,32824,8786820,1586,336
390,PASS,1747,32824,8832028,1586,336
391,PASS,1750,32824,8877352,1586,336
392,PASS,1777,32824,8922792,1586,336
393,PASS,1786,32824,8968348,1586,336
394,PASS,1784,32824,9014020,1586,336
395,PASS,1792,32824,9059808,1586,336
396,PASS,1800,32824,9105712,1586,336
397,PASS,1809,32824,9151732,1586,336
398,PASS,1819,32824,9197868,1586,336
399,PASS,1843,32824,9244120,1586,336
400,PASS,1850,32824,9290488,1586,336
401,PASS,1847,32824,9336972,1586,336
402,PASS,1856,32824,9383572,1586,336
403,PASS,1864,32824,9430288,1586,336
404,PASS,1873,32824,9477120,1586,336
405,PASS,1892,32824,9524068,1586,336
406,PASS,1891,32824,9571132,1586,336
407,PASS,1914,32824,9618312,1586,336
408,PASS,1908,32824,9665608,1586,336
409,PASS,1935,32824,9713020,1586,336
410,PASS,1942,32824,9760548,1586,336
411,PASS,1956,32824,9808192,1586,336
412,PASS,1963,32824,9855952,1586,336
413,PASS,1971,32824,9903828,1586,336
414,PASS,1965,32824,9951820,1586,336
415,PASS,1973,32824,9999928,1586,336
416,PASS,2001,32824,10048152,1586,336
417,PASS,1987,32824,10096492,1586,336
418,PASS,2005,32824,10144948,1586,336
419,PASS,2012,32824,10193520,1586,336
420,PASS,2039,32824,10242208,1586,336
421,PASS,2033,32824,10291012,1586,336
422,PASS,2041,32824,10339932,1586,336
423,PASS,2055,32824,10388968,1586,336
424,PASS,2077,32824,10438120,1586,336
425,PASS,2072,32824,10487388,1586,336
426,PASS,2082,32824,10536772,1586,336
427,PASS,2091,32824,10586272,1586,336
428,PASS,2100,32824,10635888,1586,336
429,PASS,2111,32824,10685620,1586,336
430,PASS,2118,32824,10735468,1586,336
431,PASS,2145,32824,10785432,1586,336
432,PASS,2142,32824,10835512,1586,336
433,PASS,2149,32824,10885708,1586,336
434,PASS,2159,32824,10936020,1586,336
435,PASS,2187,32824,10986448,1586,336
436,PASS,2178,32824,11036992,1586,336
437,PASS,2192,32824,11087652,1586,336
438,PASS,2199,32824,11138428,1586,336
439,PASS,2207,32824,11189320,1586,336
440,PASS,2236,32824,11240328,1586,336
441,PASS,2232,32824,11291452,1586,336
442,PASS,2242,32824,11342692,1586,336
443,PASS,2267,32824,11394048,1586,336
444,PASS,2279,32824,11445520,1586,336
445,PASS,2275,32824,11497108,1586,336
446,PASS,2298,32824,11548812,1586,336
447,PASS,2290,32824,11600632,1586,336
448,PASS,2304,32824,11652568,1586,336
449,PASS,2329,32824,11704620,1586,336
450,PASS,2322,32824,11756788,1586,336
451,PASS,2349,32824,11809072,1586,336
452,PASS,2364,32824,11861472,1586,336
453,PASS,2356,32824,11913988,1586,336
454,PASS,2380,32824,11966620,1586,336
455,PASS,2375,32824,12019368,1586,336
456,PASS,2403,32824,12072232,1586,336
457,PASS,2398,32824,12125212,1586,336
458,PASS,2401,32824,12178308,1586,336
459,PASS,2434,32824,12231520,1586,336
460,PASS,2425,32824,12284848,1586,336
461,PASS,2439,32824,12338292,1586,336
462,PASS,2448,32824,12391852,1586,336
463,PASS,2456,32824,12445528,1586,336
464,PASS,2487,32824,12499320,1586,336
465,PASS,2481,32824,12553228,1586,336
466,PASS,2485,32824,12607252,1586,336
467,PASS,2499,32824,12661392,1586,336
468,PASS,2532,32824,12715648,1586,336
469,PASS,2521,32824,12770020,1586,336
470,PASS,2533,32824,12824508,1586,336
471,PASS,2548,32824,12879112,1586,336
472,PASS,2559,32824,12933832,1586,336
473,PASS,2585,32824,12988668,1586,336
474,PASS,2576,32824,13043620,1586,336
475,PASS,2611,32824,13098688,1586,336
476,PASS,2614,32824,13153872,1586,336
477,PASS,2611,32824,13209172,1586,336
478,PASS,2617,32824,13264588,1586,336
479,PASS,2660,32824,13320120,1586,336
480,PASS,2661,32824,13375768,1586,336
481,PASS,2649,32824,13431532,1586,336
482,PASS,2659,32824,13487412,1586,336
483,PASS,2691,32824,13543408,1586,336
484,PASS,2687,32824,13599520,1586,336
485,PASS,2720,32824,13655748,1586,336
486,PASS,2728,32824,13712092,1586,336
487,PASS,2715,32824,13768552,1586,336
488,PASS,2754,32824,13825128,1586,336
489,PASS,2759,32824,13881820,1586,336
490,PASS,2748,32824,13938628,1586,336
491,PASS,2786,32824,13995552,1586,336
492,PASS,2775,32824,14052592,1586,336
493,PASS,2810,32824,14109748,1586,336
494,PASS,2793,32824,14167020,1586,336
495,PASS,2834,32824,14224408,1586,336
496,PASS,2845,32824,14281912,1586,336
497,PASS,2852,32824,14339532,1586,336
498,PASS,2848,32824,14397268,1586,336
499,PASS,2872,32824,14455120,1586,336
500,PASS,2871,32824,14513088,1586,336
501,PASS,2881,32824,14571172,1586,336
502,PASS,2891,32824,14629372,1586,336
503,PASS,2926,32824,14687688,1586,336
504,PASS,2941,32824,14746120,1586,336
505,PASS,2926,32824,14804668,1586,336
506,PASS,2939,32824,14863332,1586,336
507,PASS,2972,32824,14922112,1586,336
508,PASS,2984,32824,14981008,1586,336
509,PASS,2973,32824,15040020,1586,336
510,PASS,2985,32824,15099148,1586,336
511,PASS,3019,32824,15158392,1586,336
512,PASS,3005,32824,15217752,1586,336
513,PASS,3016,32824,15277228,1586,336
514,PASS,3029,32824,15336820,1586,336
515,PASS,3041,32824,15396528,1586,336
516,PASS,3077,32824,15456352,1586,336
517,PASS,3063,32824,15516292,1586,336
518,PASS,3103,32824,15576348,1586,336
519,PASS,3087,32824,15636520,1586,336
520,PASS,3130,32824,15696808,1586,336
521,PASS,3141,32824,15757212,1586,336
522,PASS,3155,32824,15817732,1586,336
523,PASS,3137,32824,15878368,1586,336
524,PASS,3175,32824,15939120,1586,336
525,PASS,3188,32824,15999988,1586,336
526,PASS,3172,32824,16060972,1586,336
527,PASS,3186,32824,16122072,1586,336
528,PASS,3197,32824,16183288,1586,336
529,PASS,3215,32824,16244620,1586,336
530,PASS,3229,32824,16306068,1586,336
531,PASS,3259,32824,16367632,1586,336
532,PASS,3246,32824,16429312,1586,336
533,PASS,3259,32824,16491108,1586,336
534,PASS,3292,32824,16553020,1586,336
535,PASS,3307,32824,16615048,1586,336
536,PASS,3297,32824,16677192,1586,336
537,PASS,3336,32824,16739452,1586,336
538,PASS,3326,32824,16801828,1586,336
539,PASS,3337,32824,16864320,1586,336
540,PASS,3348,32824,16926928,1586,336
541,PASS,3383,32824,16989652,1586,336
542,PASS,3371,32824,17052492,1586,336
543,PASS,3384,32824,17115448,1586,336
544,PASS,3392,32824,17178520,1586,336
545,PASS,3404,32824,17241708,1586,336
546,PASS,3423,32824,17305012,1586,336
547,PASS,3434,32824,17368432,1586,336
548,PASS,3471,32824,17431968,1586,336
549,PASS,3462,32824,17495620,1586,336
550,PASS,3472,32824,17559388,1586,336
551,PASS,3479,32824,17623272,1586,336
552,PASS,3521,32824,17687272,1586,336
553,PASS,3534,32824,17751388,1586,336
554,PASS,3516,32824,17815620,1586,336
555,PASS,3538,32824,17879968,1586,336
556,PASS,3549,32824,17944432,1586,336
557,PASS,3589,32824,18009012,1586,336
558,PASS,3569,32824,18073708,1586,336
559,PASS,3582,32824,18138520,1586,336
560,PASS,3625,32824,18203448,1586,336
561,PASS,3641,32824,18268492,1586,336
562,PASS,3655,32824,18333652,1586,336
563,PASS,3637,32824,18398928,1586,336
564,PASS,3680,32824,18464320,1586,336
565,PASS,3661,32824,18529828,1586,336
566,PASS,3677,32824,18595452,1586,336
567,PASS,3716,32824,18661192,1586,336
568,PASS,3705,32824,18727048,1586,336
569,PASS,3740,32824,18793020,1586,336
570,PASS,3728,32824,18859108,1586,336
571,PASS,3735,32824,18925312,1586,336
572,PASS,3748,32824,18991632,1586,336
573,PASS,3771,32824,19058068,1586,336
574,PASS,3807,32824,19124620,1586,336
575,PASS,3818,32824,19191288,1586,336
576,PASS,3803,32824,19258072,1586,336
577,PASS,3849,32824,19324972,1586,336
578,PASS,3831,32824,19391988,1586,336
579,PASS,3846,32824,19459120,1586,336
580,PASS,3858,32824,19526368,1586,336
581,PASS,3875,32824,19593732,1586,336
582,PASS,3885,32824,19661212,1586,336
583,PASS,3927,32824,19728808,1586,336
584,PASS,3941,32824,19796520,1586,336
585,PASS,3955,32824,19864348,1586,336
586,PASS,3938,32824,19932292,1586,336
587,PASS,3949,32824,20000352,1586,336
588,PASS,4000,32824,20068528,1586,336
589,PASS,4007,32824,20136820,1586,336
590,PASS,3991,32824,20205228,1586,336
591,PASS,4038,32824,20273752,1586,336
592,PASS,4048,32824,20342392,1586,336
593,PASS,4032,32824,20411148,1586,336
594,PASS,4046,32824,20480020,1586,336
595,PASS,4062,32824,20549008,1586,336
596,PASS,4068,32824,20618112,1586,336
597,PASS,4086,32824,20687332,1586,336
598,PASS,4098,32824,20756668,1586,336
599,PASS,4155,32824,20826120,1586,336
600,PASS,4127,32824,20895688,1586,336
601,PASS,4140,32824,20965372,1586,336
602,PASS,4197,32824,21035172,1586,336
603,PASS,4170,32824,21105088,1586,336
604,PASS,4213,32824,21175120,1586,336
605,PASS,4195,32824,21245268,1586,336
606,PASS,4210,32824,21315532,1586,336
607,PASS,4260,32824,21385912,1586,336
608,PASS,4240,32824,21456408,1586,336
609,PASS,4288,32824,21527020,1586,336
610,PASS,4304,32824,21597748,1586,336
611,PASS,4312,32824,21668592,1586,336
612,PASS,4293,32824,21739552,1586,336
613,PASS,4305,32824,21810628,1586,336
614,PASS,4324,32824,21881820,1586,336
615,PASS,4367,32824,21953128,1586,336
616,PASS,4346,32824,22024552,1586,336
617,PASS,4404,32824,22096092,1586,336
618,PASS,4383,32824,22167748,1586,336
619,PASS,4392,32824,22239520,1586,336
620,PASS,4441,32824,22311408,1586,336
621,PASS,4419,32824,22383412,1586,336
622,PASS,4472,32824,22455532,1586,336
623,PASS,4481,32824,22527768,1586,336
624,PASS,4462,32824,22600120,1586,336
625,PASS,4476,32824,22672588,1586,336
626,PASS,4528,32824,22745172,1586,336
627,PASS,4539,32824,22817872,1586,336
628,PASS,4524,32824,22890688,1586,336
629,PASS,4576,32824,22963620,1586,336
630,PASS,4544,32824,23036668,1586,336
631,PASS,4617,32824,23109832,1586,336
632,PASS,4580,32824,23183112,1586,336
633,PASS,4635,32824,23256508,1586,336
634,PASS,4646,32824,23330020,1586,336
635,PASS,4615,32824,23403648,1586,336
636,PASS,4674,32824,23477392,1586,336
637,PASS,4648,32824,23551252,1586,336
638,PASS,4665,32824,23625228,1586,336
639,PASS,4685,32824,23699320,1586,336
640,PASS,4696,32824,23773528,1586,336
641,PASS,4707,32824,23847852,1586,336
642,PASS,4723,32824,23922292,1586,336
643,PASS,4736,32824,23996848,1586,336
644,PASS,4754,32824,24071520,1586,336
645,PASS,4809,32824,24146308,1586,336
646,PASS,4782,32824,24221212,1586,336
647,PASS,4842,32824,24296232,1586,336
648,PASS,4851,32824,24371368,1586,336
649,PASS,4880,32824,24446620,1586,336
650,PASS,4843,32824,24521988,1586,336
651,PASS,4898,32824,24597472,1586,336
652,PASS,4934,32824,24673072,1586,336
653,PASS,4930,32824,24748788,1586,336
654,PASS,4907,32824,24824620,1586,336
655,PASS,4958,32824,24900568,1586,336
656,PASS,4971,32824,24976632,1586,336
657,PASS,4988,32824,25052812,1586,336
658,PASS,4963,32824,25129108,1586,336
659,PASS,5017,32824,25205520,1586,336
660,PASS,4996,32824,25282048,1586,336
661,PASS,5048,32824,25358692,1586,336
662,PASS,5023,32824,25435452,1586,336
663,PASS,5080,32824,25512328,1586,336
664,PASS,5059,32824,25589320,1586,336
665,PASS,5073,32824,25666428,1586,336
666,PASS,5087,32824,25743652,1586,336
667,PASS,5101,32824,25820992,1586,336
668,PASS,5111,32824,25898448,1586,336
669,PASS,5143,32824,25976020,1586,336
670,PASS,5187,32824,26053708,1586,336
671,PASS,5210,32824,26131512,1586,336
672,PASS,5175,32824,26209432,1586,336
673,PASS,5232,32824,26287468,1586,336
674,PASS,5204,32824,26365620,1586,336
675,PASS,5221,32824,26443888,1586,336
676,PASS,5282,32824,26522272,1586,336
677,PASS,5261,32824,26600772,1586,336
678,PASS,5307,32824,26679388,1586,336
679,PASS,5327,32824,26758120,1586,336
680,PASS,5295,32824,26836968,1586,336
681,PASS,5337,32824,26915932,1586,336
682,PASS,5335,32824,26995012,1586,336
683,PASS,5344,32824,27074208,1586,336
684,PASS,5405,32824,27153520,1586,336
685,PASS,5378,32824,27232948,1586,336
686,PASS,5398,32824,27312492,1586,336
687,PASS,5403,32824,27392152,1586,336
688,PASS,5425,32824,27471928,1586,336
689,PASS,5443,32824,27551820,1586,336
690,PASS,5505,32824,27631828,1586,336
691,PASS,5518,32824,27711952,1586,336
692,PASS,5487,32824,27792192,1586,336
693,PASS,5514,32824,27872548,1586,336
694,PASS,5514,32824,27953020,1586,336
695,PASS,5533,32824,28033608,1586,336
696,PASS,5566,32824,28114312,1586,336
697,PASS,5612,32824,28195132,1586,336
698,PASS,5588,32824,28276068,1586,336
699,PASS,5644,32824,28357120,1586,336
700,PASS,5615,32824,28438288,1586,336
701,PASS,5632,32824,28519572,1586,336
702,PASS,5651,32824,28600972,1586,336
703,PASS,5659,32824,28682488,1586,336
704,PASS,5721,32824,28764120,1586,336
705,PASS,5698,32824,28845868,1586,336
706,PASS,5761,32824,28927732,1586,336
707,PASS,5725,32824,29009712,1586,336
708,PASS,5744,32824,29091808,1586,336
709,PASS,5810,32824,29174020,1586,336
710,PASS,5833,32824,29256348,1586,336
711,PASS,5792,32824,29338792,1586,336
712,PASS,5804,32824,29421352,1586,336
713,PASS,5827,32824,29504028,1586,336
714,PASS,5890,32824,29586820,1586,336
715,PASS,5859,32824,29669728,1586,336
716,PASS,5921,32824,29752752,1586,336
717,PASS,5892,32824,29835892,1586,336
718,PASS,5909,32824,29919148,1586,336
719,PASS,5922,32824,30002520,1586,336
720,PASS,5990,32824,30086008,1586,336
721,PASS,6006,32824,30169612,1586,336
722,PASS,6018,32824,30253332,1586,336
723,PASS,5991,32824,30337168,1586,336
724,PASS,6003,32824,30421120,1586,336
725,PASS,6023,32824,30505188,1586,336
726,PASS,6040,32824,30589372,1586,336
727,PASS,6057,32824,30673672,1586,336
728,PASS,6130,32824,30758088,1586,336
729,PASS,6097,32824,30842620,1586,336
730,PASS,6112,32824,30927268,1586,336
731,PASS,6172,32824,31012032,1586,336
732,PASS,6144,32824,31096912,1586,336
733,PASS,6210,32824,31181908,1586,336
734,PASS,6170,32824,31267020,1586,336
735,PASS,6189,32824,31352248,1586,336
736,PASS,6258,32824,31437592,1586,336
737,PASS,6283,32824,31523052,1586,336
738,PASS,6300,32824,31608628,1586,336
739,PASS,6317,32824,31694320,1586,336
740,PASS,6337,32824,31780128,1586,336
741,PASS,6291,32824,31866052,1586,336
742,PASS,6326,32824,31952092,1586,336
743,PASS,6336,32824,32038248,1586,336
744,PASS,6338,32824,32124520,1586,336
745,PASS,6414,32824,32210908,1586,336
746,PASS,6379,32824,32297412,1586,336
747,PASS,6391,32824,32384032,1586,336
748,PASS,6423,32824,32470768,1586,336
749,PASS,6488,32824,32557620,1586,336
750,PASS,6445,32824,32644588,1586,336
751,PASS,6464,32824,32731672,1586,336
752,PASS,6554,32824,32818872,1586,336
753,PASS,6515,32824,32906188,1586,336
754,PASS,6537,32824,32993620,1586,336
755,PASS,6546,32824,33081168,1586,336
756,PASS,6619,32824,33168832,1586,336
757,PASS,6632,32824,33256612,1586,336
758,PASS,6655,32824,33344508,1586,336
759,PASS,6601,32824,33432520,1586,336
760,PASS,6671,32824,33520648,1586,336
761,PASS,6706,32824,33608892,1586,336
762,PASS,6659,32824,33697252,1586,336
763,PASS,6674,32824,33785728,1586,336
764,PASS,6744,32824,33874320,1586,336
765,PASS,6701,32824,33963028,1586,336
766,PASS,6733,32824,34051852,1586,336
767,PASS,6807,32824,34140792,1586,336
768,PASS,6762,32824,34229848,1586,336
769,PASS,6833,32824,34319020,1586,336
770,PASS,6799,32824,34408308,1586,336
771,PASS,6815,32824,34497712,1586,336
772,PASS,6885,32824,34587232,1586,336
773,PASS,6855,32824,34676868,1586,336
774,PASS,6935,32824,34766620,1586,336
775,PASS,6891,32824,34856488,1586,336
776,PASS,6963,32824,34946472,1586,336
777,PASS,6918,32824,35036572,1586,336
778,PASS,6952,32824,35126788,1586,336
779,PASS,6963,32824,35217120,1586,336
780,PASS,7042,32824,35307568,1586,336
781,PASS,7046,32824,35398132,1586,336
782,PASS,7009,32824,35488812,1586,336
783,PASS,7086,32824,35579608,1586,336
784,PASS,7043,32824,35670520,1586,336
785,PASS,7127,32824,35761548,1586,336
786,PASS,7147,32824,35852692,1586,336
787,PASS,7170,32824,35943952,1586,336
788,PASS,7117,32824,36035328,1586,336
789,PASS,7143,32824,36126820,1586,336
790,PASS,7216,32824,36218428,1586,336
791,PASS,7233,32824,36310152,1586,336
792,PASS,7261,32824,36401992,1586,336
793,PASS,7271,32824,36493948,1586,336
794,PASS,7308,32824,36586020,1586,336
795,PASS,7299,32824,36678208,1586,336
796,PASS,7321,32824,36770512,1586,336
797,PASS,7279,32824,36862932,1586,336
798,PASS,7372,32824,36955468,1586,336
799,PASS,7320,32824,37048120,1586,336
800,PASS,7351,32824,37140888,1586,336
801,PASS,7415,32824,37233772,1586,336
802,PASS,7381,32824,37326772,1586,336
803,PASS,7461,32824,37419888,1586,336
804,PASS,7415,32824,37513120,1586,336
805,PASS,7446,32824,37606468,1586,336
806,PASS,7446,32824,37699932,1586,336
807,PASS,7470,32824,37793512,1586,336
808,PASS,7552,32824,37887208,1586,336
809,PASS,7564,32824,37981020,1586,336
810,PASS,7591,32824,38074948,1586,336
811,PASS,7616,32824,38168992,1586,336
812,PASS,7632,32824,38263152,1586,336
813,PASS,7578,32824,38357428,1586,336
814,PASS,7599,32824,38451820,1586,336
815,PASS,7684,32824,38546328,1586,336
816,PASS,7643,32824,38640952,1586,336
817,PASS,7723,32824,38735692,1586,336
818,PASS,7656,32824,38830548,1586,336
819,PASS,7702,32824,38925520,1586,336
820,PASS,7779,32824,39020608,1586,336
821,PASS,7728,32824,39115812,1586,336
822,PASS,7807,32824,39211132,1586,336
823,PASS,7844,32824,39306568,1586,336
824,PASS,7793,32824,39402120,1586,336
825,PASS,7820,32824,39497788,1586,336
826,PASS,7832,32824,39593572,1586,336
827,PASS,7904,32824,39689472,1586,336
828,PASS,7935,32824,39785488,1586,336
829,PASS,7892,32824,39881620,1586,336
830,PASS,7906,32824,39977868,1586,336
831,PASS,7987,32824,40074232,1586,336
832,PASS,7949,32824,40170712,1586,336
833,PASS,8030,32824,40267308,1586,336
834,PASS,7968,32824,40364020,1586,336
835,PASS,7989,32824,40460848,1586,336
836,PASS,8076,32824,40557792,1586,336
837,PASS,8028,32824,40654852,1586,336
838,PASS,8062,32824,40752028,1586,336
839,PASS,8074,32824,40849320,1586,336
840,PASS,8097,32824,40946728,1586,336
841,PASS,8169,32824,41044252,1586,336
842,PASS,8214,32824,41141892,1586,336
843,PASS,8136,32824,41239648,1586,336
844,PASS,8169,32824,41337520,1586,336
845,PASS,8196,32824,41435508,1586,336
846,PASS,8269,32824,41533612,1586,336
847,PASS,8299,32824,41631832,1586,336
848,PASS,8318,32824,41730168,1586,336
849,PASS,8266,32824,41828620,1586,336
850,PASS,8283,32824,41927188,1586,336
851,PASS,8377,32824,42025872,1586,336
852,PASS,8324,32824,42124672,1586,336
853,PASS,8410,32824,42223588,1586,336
854,PASS,8354,32824,42322620,1586,336
855,PASS,8393,32824,42421768,1586,336
856,PASS,8492,32824,42521032,1586,336
857,PASS,8510,32824,42620412,1586,336
858,PASS,8441,32824,42719908,1586,336
859,PASS,8532,32824,42819520,1586,336
860,PASS,8554,32824,42919248,1586,336
861,PASS,8507,32824,43019092,1586,336
862,PASS,8520,32824,43119052,1586,336
863,PASS,8538,32824,43219128,1586,336
864,PASS,8561,32824,43319320,1586,336
865,PASS,8585,32824,43419628,1586,336
866,PASS,8587,32824,43520052,1586,336
867,PASS,8621,32824,43620592,1586,336
868,PASS,8715,32824,43721248,1586,336
869,PASS,8737,32824,43822020,1586,336
870,PASS,8684,32824,43922908,1586,336
871,PASS,8707,32824,44023912,1586,336
872,PASS,8796,32824,44125032,1586,336
873,PASS,8814,32824,44226268,1586,336
874,PASS,8772,32824,44327620,1586,336
875,PASS,8779,32824,44429088,1586,336
876,PASS,8795,32824,44530672,1586,336
877,PASS,8830,32824,44632372,1586,336
878,PASS,8847,32824,44734188,1586,336
879,PASS,8856,32824,44836120,1586,336
880,PASS,8956,32824,44938168,1586,336
881,PASS,8905,32824,45040332,1586,336
882,PASS,9010,32824,45142612,1586,336
883,PASS,9020,32824,45245008,1586,336
884,PASS,9047,32824,45347520,1586,336
885,PASS,9066,32824,45450148,1586,336
886,PASS,9076,32824,45552892,1586,336
887,PASS,9013,32824,45655752,1586,336
888,PASS,9033,32824,45758728,1586,336
889,PASS,9051,32824,45861820,1586,336
890,PASS,9079,32824,45965028,1586,336
891,PASS,9189,32824,46068352,1586,336
892,PASS,9216,32824,46171792,1586,336
893,PASS,9232,32824,46275348,1586,336
894,PASS,9166,32824,46379020,1586,336
895,PASS,9204,32824,46482808,1586,336
896,PASS,9282,32824,46586712,1586,336
897,PASS,9311,32824,46690732,1586,336
898,PASS,9242,32824,46794868,1586,336
899,PASS,9263,32824,46899120,1586,336
900,PASS,9278,32824,47003488,1586,336
901,PASS,9375,32824,47107972,1586,336
902,PASS,9330,32824,47212572,1586,336
903,PASS,9435,32824,47317288,1586,336
904,PASS,9367,32824,47422120,1586,336
905,PASS,9473,32824,47527068,1586,336
906,PASS,9422,32824,47632132,1586,336
907,PASS,9502,32824,47737312,1586,336
908,PASS,9540,32824,47842608,1586,336
909,PASS,9477,32824,47948020,1586,336
910,PASS,9580,32824,48053548,1586,336
911,PASS,9520,32824,48159192,1586,336
912,PASS,9629,32824,48264952,1586,336
913,PASS,9574,32824,48370828,1586,336
914,PASS,9665,32824,48476820,1586,336
915,PASS,9616,32824,48582928,1586,336
916,PASS,9707,32824,48689152,1586,336
917,PASS,9652,32824,48795492,1586,336
918,PASS,9656,32824,48901948,1586,336
919,PASS,9693,32824,49008520,1586,336
920,PASS,9702,32824,49115208,1586,336
921,PASS,9730,32824,49222012,1586,336
922,PASS,9839,32824,49328932,1586,336
923,PASS,9850,32824,49435968,1586,336
924,PASS,9790,32824,49543120,1586,336
925,PASS,9816,32824,49650388,1586,336
926,PASS,9918,32824,49757772,1586,336
927,PASS,9941,32824,49865272,1586,336
928,PASS,9970,32824,49972888,1586,336
929,PASS,9901,32824,50080620,1586,336
930,PASS,9924,32824,50188468,1586,336
931,PASS,10031,32824,50296432,1586,336
932,PASS,9964,32824,50404512,1586,336
933,PASS,10070,32824,50512708,1586,336
934,PASS,10001,32824,50621020,1586,336
935,PASS,10019,32824,50729448,1586,336
936,PASS,10058,32824,50837992,1586,336
937,PASS,10155,32824,50946652,1586,336
938,PASS,10088,32824,51055428,1586,336
939,PASS,10200,32824,51164320,1586,336
940,PASS,10138,32824,51273328,1586,336
941,PASS,10233,32824,51382452,1586,336
942,PASS,10255,32824,51491692,1586,336
943,PASS,10207,32824,51601048,1586,336
944,PASS,10295,32824,51710520,1586,336
945,PASS,10252,32824,51820108,1586,336
946,PASS,10357,32824,51929812,1586,336
947,PASS,10371,32824,52039632,1586,336
948,PASS,10384,32824,52149568,1586,336
949,PASS,10416,32824,52259620,1586,336
950,PASS,10360,32824,52369788,1586,336
951,PASS,10370,32824,52480072,1586,336
952,PASS,10479,32824,52590472,1586,336
953,PASS,10501,32824,52700988,1586,336
954,PASS,10442,32824,52811620,1586,336
955,PASS,10548,32824,52922368,1586,336
956,PASS,10483,32824,53033232,1586,336
957,PASS,10503,32824,53144212,1586,336
958,PASS,10534,32824,53255308,1586,336
959,PASS,10638,32824,53366520,1586,336
960,PASS,10666,32824,53477848,1586,336
961,PASS,10676,32824,53589292,1586,336
962,PASS,10611,32824,53700852,1586,336
963,PASS,10740,32824,53812528,1586,336
964,PASS,10653,32824,53924320,1586,336
965,PASS,10764,32824,54036228,1586,336
966,PASS,10702,32824,54148252,1586,336
967,PASS,10827,32824,54260392,1586,336
968,PASS,10834,32824,54372648,1586,336
969,PASS,10772,32824,54485020,1586,336
970,PASS,10875,32824,54597508,1586,336
971,PASS,10816,32824,54710112,1586,336
972,PASS,10830,32824,54822832,1586,336
973,PASS,10872,32824,54935668,1586,336
974,PASS,10892,32824,55048620,1586,336
975,PASS,11002,32824,55161688,1586,336
976,PASS,10936,32824,55274872,1586,336
977,PASS,11036,32824,55388172,1586,336
978,PASS,11057,32824,55501588,1586,336
979,PASS,11002,32824,55615120,1586,336
980,PASS,11004,32824,55728768,1586,336
981,PASS,11123,32824,55842532,1586,336
982,PASS,11150,32824,55956412,1586,336
983,PASS,11085,32824,56070408,1586,336
984,PASS,11205,32824,56184520,1586,336
985,PASS,11216,32824,56298748,1586,336
986,PASS,11239,32824,56413092,1586,336
987,PASS,11175,32824,56527552,1586,336
988,PASS,11200,32824,56642128,1586,336
989,PASS,11233,32824,56756820,1586,336
990,PASS,11247,32824,56871628,1586,336
991,PASS,11361,32824,56986552,1586,336
992,PASS,11330,32824,57101592,1586,336
993,PASS,11404,32824,57216748,1586,336
994,PASS,11429,32824,57332020,1586,336
995,PASS,11364,32824,57447408,1586,336
996,PASS,11372,32824,57562912,1586,336
997,PASS,11494,32824,57678532,1586,336
998,PASS,11412,32824,57794268,1586,336
999,PASS,11549,32824,57910120,1586,336
1000,PASS,11562,32824,58026088,1586,336
1001,PASS,11493,32824,58142172,1586,336
1002,PASS,11624,32824,58258372,1586,336
1003,PASS,11547,32824,58374688,1586,336
1004,PASS,11560,32824,58491120,1586,336
1005,PASS,11675,32824,58607668,1586,336
1006,PASS,11607,32824,58724332,1586,336
1007,PASS,11721,32824,58841112,1586,336
1008,PASS,11751,32824,58958008,1586,336
1009,PASS,11682,32824,59075020,1586,336
1010,PASS,11704,32824,59192148,1586,336
1011,PASS,11817,32824,59309392,1586,336
1012,PASS,11743,32824,59426752,1586,336
1013,PASS,11771,32824,59544228,1586,336
1014,PASS,11801,32824,59661820,1586,336
1015,PASS,11820,32824,59779528,1586,336
1016,PASS,11841,32824,59897352,1586,336
1017,PASS,11955,32824,60015292,1586,336
1018,PASS,11893,32824,60133348,1586,336
1019,PASS,12007,32824,60251520,1586,336
1020,PASS,11932,32824,60369808,1586,336
1021,PASS,11959,32824,60488212,1586,336
1022,PASS,11984,32824,60606732,1586,336
1023,PASS,12112,32824,60725368,1586,336
1024,PASS,12136,32824,60844120,1586,336
1025,PASS,12145,32824,60962988,1586,336
1026,PASS,12166,32824,61081972,1586,336
1027,PASS,12196,32824,61201072,1586,336
1028,PASS,12115,32824,61320288,1586,336
1029,PASS,12145,32824,61439620,1586,336
1030,PASS,12270,32824,61559068,1586,336
1031,PASS,12280,32824,61678632,1586,336
1032,PASS,12321,32824,61798312,1586,336
1033,PASS,12241,32824,61918108,1586,336
1034,PASS,12355,32824,62038020,1586,336
1035,PASS,12399,32824,62158048,1586,336
1036,PASS,12306,32824,62278192,1586,336
1037,PASS,12447,32824,62398452,1586,336
1038,PASS,12357,32824,62518828,1586,336
1039,PASS,12376,32824,62639320,1586,336
1040,PASS,12406,32824,62759928,1586,336
1041,PASS,12538,32824,62880652,1586,336
1042,PASS,12550,32824,63001492,1586,336
1043,PASS,12475,32824,63122448,1586,336
1044,PASS,12493,32824,63243520,1586,336
1045,PASS,12511,32824,63364708,1586,336
1046,PASS,12546,32824,63486012,1586,336
1047,PASS,12627,32824,63607432,1586,336
1048,PASS,12598,32824,63728968,1586,336
1049,PASS,12625,32824,63850620,1586,336
1050,PASS,12641,32824,63972388,1586,336
1051,PASS,12659,32824,64094272,1586,336
1052,PASS,12692,32824,64216272,1586,336
1053,PASS,12725,32824,64338388,1586,336
1054,PASS,12734,32824,64460620,1586,336
1055,PASS,12874,32824,64582968,1586,336
1056,PASS,12786,32824,64705432,1586,336
1057,PASS,12922,32824,64828012,1586,336
1058,PASS,12843,32824,64950708,1586,336
1059,PASS,12968,32824,65073520,1586,336
1060,PASS,12992,32824,65196448,1586,336
1061,PASS,12904,32824,65319492,1586,336
1062,PASS,13028,32824,65442652,1586,336
1063,PASS,12966,32824,65565928,1586,336
1064,PASS,12982,32824,65689320,1586,336
1065,PASS,13058,32824,65812828,1586,336
1066,PASS,13142,32824,65936452,1586,336
1067,PASS,13166,32824,66060192,1586,336
1068,PASS,13212,32824,66184048,1586,336
1069,PASS,13206,32824,66308020,1586,336
1070,PASS,13238,32824,66432108,1586,336
1071,PASS,13152,32824,66556312,1586,336
1072,PASS,13273,32824,66680632,1586,336
1073,PASS,13209,32824,66805068,1586,336
1074,PASS,13222,32824,66929620,1586,336
1075,PASS,13249,32824,67054288,1586,336
1076,PASS,13278,32824,67179072,1586,336
1077,PASS,13403,32824,67303972,1586,336
1078,PASS,13428,32824,67428988,1586,336
1079,PASS,13460,32824,67554120,1586,336
1080,PASS,13474,32824,67679368,1586,336
1081,PASS,13402,32824,67804732,1586,336
1082,PASS,13524,32824,67930212,1586,336
1083,PASS,13447,32824,68055808,1586,336
1084,PASS,13474,32824,68181520,1586,336
1085,PASS,13494,32824,68307348,1586,336
1086,PASS,13557,32824,68433292,1586,336
1087,PASS,13557,32824,68559352,1586,336
1088,PASS,13576,32824,68685528,1586,336
1089,PASS,13714,32824,68811820,1586,336
1090,PASS,13627,32824,68938228,1586,336
1091,PASS,13651,32824,69064752,1586,336
1092,PASS,13666,32824,69191392,1586,336
1093,PASS,13720,32824,69318148,1586,336
1094,PASS,13721,32824,69445020,1586,336
1095,PASS,13752,32824,69572008,1586,336
1096,PASS,13888,32824,69699112,1586,336
1097,PASS,13798,32824,69826332,1586,336
1098,PASS,13991,32824,69953668,1586,336
1099,PASS,13965,32824,70081120,1586,336
1100,PASS,13867,32824,70208688,1586,336
1101,PASS,13906,32824,70336372,1586,336
1102,PASS,13927,32824,70464172,1586,336
1103,PASS,13942,32824,70592088,1586,336
1104,PASS,14080,32824,70720120,1586,336
1105,PASS,14115,32824,70848268,1586,336
1106,PASS,14129,32824,70976532,1586,336
1107,PASS,14053,32824,71104912,1586,336
1108,PASS,14184,32824,71233408,1586,336
1109,PASS,14110,32824,71362020,1586,336
1110,PASS,14229,32824,71490748,1586,336
1111,PASS,14257,32824,71619592,1586,336
1112,PASS,14306,32824,71748552,1586,336
1113,PASS,14311,32824,71877628,1586,336
1114,PASS,14349,32824,72006820,1586,336
1115,PASS,14382,32824,72136128,1586,336
1116,PASS,14299,32824,72265552,1586,336
1117,PASS,14298,32824,72395092,1586,336
1118,PASS,14319,32824,72524748,1586,336
1119,PASS,14467,32824,72654520,1586,336
1120,PASS,14374,32824,72784408,1586,336
1121,PASS,14520,32824,72914412,1586,336
1122,PASS,14440,32824,73044532,1586,336
1123,PASS,14462,32824,73174768,1586,336
1124,PASS,14504,32824,73305120,1586,336
1125,PASS,14511,32824,73435588,1586,336
1126,PASS,14588,32824,73566172,1586,336
1127,PASS,14554,32824,73696872,1586,336
1128,PASS,14706,32824,73827688,1586,336
1129,PASS,14729,32824,73958620,1586,336
1130,PASS,14767,32824,74089668,1586,336
1131,PASS,14669,32824,74220832,1586,336
1132,PASS,14691,32824,74352112,1586,336
1133,PASS,14832,32824,74483508,1586,336
1134,PASS,14751,32824,74615020,1586,336
1135,PASS,14891,32824,74746648,1586,336
1136,PASS,14925,32824,74878392,1586,336
1137,PASS,14820,32824,75010252,1586,336
1138,PASS,14978,32824,75142228,1586,336
1139,PASS,14870,32824,75274320,1586,336
1140,PASS,15022,32824,75406528,1586,336
1141,PASS,15047,32824,75538852,1586,336
1142,PASS,15079,32824,75671292,1586,336
1143,PASS,14958,32824,75803848,1586,336
1144,PASS,15008,32824,75936520,1586,336
1145,PASS,15026,32824,76069308,1586,336
1146,PASS,15051,32824,76202212,1586,336
1147,PASS,15091,32824,76335232,1586,336
1148,PASS,15110,32824,76468368,1586,336
1149,PASS,15131,32824,76601620,1586,336
1150,PASS,15155,32824,76734988,1586,336
1151,PASS,15195,32824,76868472,1586,336
1152,PASS,15217,32824,77002072,1586,336
1153,PASS,15242,32824,77135788,1586,336
1154,PASS,15268,32824,77269620,1586,336
1155,PASS,15419,32824,77403568,1586,336
1156,PASS,15325,32824,77537632,1586,336
1157,PASS,15343,32824,77671812,1586,336
1158,PASS,15492,32824,77806108,1586,336
1159,PASS,15529,32824,77940520,1586,336
1160,PASS,15440,32824,78075048,1586,336
1161,PASS,15587,32824,78209692,1586,336
1162,PASS,15488,32824,78344452,1586,336
1163,FAIL,15568,32824,78479328,1586,336
1164,PASS,15658,32824,78614320,1586,336
1165,PASS,15566,32824,78749428,1586,336
1166,PASS,15580,32824,78884652,1586,336
1167,PASS,15612,32824,79019992,1586,336
1168,PASS,15636,32824,79155448,1586,336
1169,PASS,15673,32824,79291020,1586,336
1170,PASS,15695,32824,79426708,1586,336
1171,PASS,15712,32824,79562512,1586,336
1172,PASS,15750,32824,79698432,1586,336
1173,PASS,15910,32824,79834468,1586,336
1174,PASS,15822,32824,79970620,1586,336
1175,PASS,15820,32824,80106888,1586,336
1176,PASS,15846,32824,80243272,1586,336
1177,PASS,16014,32824,80379772,1586,336
1178,PASS,16035,32824,80516388,1586,336
1179,PASS,15943,32824,80653120,1586,336
1180,PASS,16087,32824,80789968,1586,336
1181,PASS,16111,32824,80926932,1586,336
1182,PASS,16142,32824,81064012,1586,336
1183,PASS,16047,32824,81201208,1586,336
1184,PASS,16096,32824,81338520,1586,336
1185,PASS,16111,32824,81475948,1586,336
1186,PASS,16254,32824,81613492,1586,336
1187,PASS,16157,32824,81751152,1586,336
1188,PASS,16180,32824,81888928,1586,336
1189,PASS,16210,32824,82026820,1586,336
1190,PASS,16239,32824,82164828,1586,336
1191,PASS,16256,32824,82302952,1586,336
1192,PASS,16292,32824,82441192,1586,336
1193,PASS,16309,32824,82579548,1586,336
1194,PASS,16394,32824,82718020,1586,336
1195,PASS,16516,32824,82856608,1586,336
1196,PASS,16536,32824,82995312,1586,336
1197,PASS,16428,32824,83134132,1586,336
1198,PASS,16572,32824,83273068,1586,336
1199,PASS,16489,32824,83412120,1586,336
1200,PASS,16502,32824,83551288,1586,336
1201,PASS,16660,32824,83690572,1586,336
1202,PASS,16567,32824,83829972,1586,336
1203,PASS,16587,32824,83969488,1586,336
1204,PASS,16608,32824,84109120,1586,336
1205,PASS,16760,32824,84248868,1586,336
1206,PASS,16810,32824,84388732,1586,336
1207,PASS,16699,32824,84528712,1586,336
1208,PASS,16724,32824,84668808,1586,336
1209,PASS,16883,32824,84809020,1586,336
1210,PASS,16773,32824,84949348,1586,336
1211,PASS,16812,32824,85089792,1586,336
1212,PASS,16839,32824,85230352,1586,336
1213,PASS,16856,32824,85371028,1586,336
1214,PASS,17021,32824,85511820,1586,336
1215,PASS,17082,32824,85652728,1586,336
1216,PASS,16953,32824,85793752,1586,336
1217,PASS,17109,32824,85934892,1586,336
1218,PASS,17141,32824,86076148,1586,336
1219,PASS,17169,32824,86217520,1586,336
1220,PASS,17130,32824,86359008,1586,336
1221,PASS,17081,32824,86500612,1586,336
1222,PASS,17257,32824,86642332,1586,336
1223,PASS,17142,32824,86784168,1586,336
1224,PASS,17181,32824,86926120,1586,336
1225,PASS,17198,32824,87068188,1586,336
1226,PASS,17363,32824,87210372,1586,336
1227,PASS,17412,32824,87352672,1586,336
1228,PASS,17288,32824,87495088,1586,336
1229,PASS,17455,32824,87637620,1586,336
1230,PASS,17335,32824,87780268,1586,336
1231,PASS,17368,32824,87923032,1586,336
1232,PASS,17411,32824,88065912,1586,336
1233,PASS,17571,32824,88208908,1586,336
1234,PASS,17510,32824,88352020,1586,336
1235,PASS,17485,32824,88495248,1586,336
1236,PASS,17509,32824,88638592,1586,336
1237,PASS,17529,32824,88782052,1586,336
1238,PASS,17708,32824,88925628,1586,336
1239,PASS,17595,32824,89069320,1586,336
1240,PASS,17640,32824,89213128,1586,336
1241,PASS,17657,32824,89357052,1586,336
1242,PASS,17678,32824,89501092,1586,336
1243,PASS,17718,32824,89645248,1586,336
1244,PASS,17873,32824,89789520,1586,336
1245,PASS,17915,32824,89933908,1586,336
1246,PASS,17937,32824,90078412,1586,336
1247,PASS,17827,32824,90223032,1586,336
1248,PASS,17850,32824,90367768,1586,336
1249,PASS,17873,32824,90512620,1586,336
1250,PASS,18065,32824,90657588,1586,336
1251,PASS,18074,32824,90802672,1586,336
1252,PASS,18247,32824,90947872,1586,336
1253,PASS,18137,32824,91093188,1586,336
1254,PASS,18016,32824,91238620,1586,336
1255,PASS,18200,32824,91384168,1586,336
1256,PASS,18228,32824,91529832,1586,336
1257,PASS,18253,32824,91675612,1586,336
1258,PASS,18139,32824,91821508,1586,336
1259,PASS,18173,32824,91967520,1586,336
1260,PASS,18333,32824,92113648,1586,336
1261,PASS,18223,32824,92259892,1586,336
1262,PASS,18258,32824,92406252,1586,336
1263,PASS,18286,32824,92552728,1586,336
1264,PASS,18310,32824,92699320,1586,336
1265,PASS,18338,32824,92846028,1586,336
1266,PASS,18368,32824,92992852,1586,336
1267,PASS,18398,32824,93139792,1586,336
1268,PASS,18451,32824,93286848,1586,336
1269,PASS,18484,32824,93434020,1586,336
1270,PASS,18628,32824,93581308,1586,336
1271,PASS,18662,32824,93728712,1586,336
1272,PASS,18700,32824,93876232,1586,336
1273,PASS,18727,32824,94023868,1586,336
1274,PASS,18609,32824,94171620,1586,336
1275,PASS,18630,32824,94319488,1586,336
1276,PASS,18818,32824,94467472,1586,336
1277,PASS,18683,32824,94615572,1586,336
1278,PASS,18839,32824,94763788,1586,336
1279,PASS,18751,32824,94912120,1586,336
1280,PASS,18771,32824,95060568,1586,336
1281,PASS,18819,32824,95209132,1586,336
1282,PASS,18995,32824,95357812,1586,336
1283,PASS,18873,32824,95506608,1586,336
1284,PASS,18891,32824,95655520,1586,336
1285,PASS,19081,32824,95804548,1586,336
1286,PASS,18963,32824,95953692,1586,336
1287,PASS,18982,32824,96102952,1586,336
1288,PASS,19011,32824,96252328,1586,336
1289,PASS,19200,32824,96401820,1586,336
1290,PASS,19228,32824,96551428,1586,336
1291,PASS,19115,32824,96701152,1586,336
1292,PASS,19137,32824,96850992,1586,336
1293,PASS,19159,32824,97000948,1586,336
1294,PASS,19363,32824,97151020,1586,336
1295,PASS,19218,32824,97301208,1586,336
1296,PASS,19251,32824,97451512,1586,336
1297,PASS,19296,32824,97601932,1586,336
1298,PASS,19301,32824,97752468,1586,336
1299,PASS,19345,32824,97903120,1586,336
1300,PASS,19363,32824,98053888,1586,336
1301,PASS,19546,32824,98204772,1586,336
1302,PASS,19429,32824,98355772,1586,336
1303,PASS,19626,32824,98506888,1586,336
1304,PASS,19637,32824,98658120,1586,336
1305,PASS,19674,32824,98809468,1586,336
1306,PASS,19700,32824,98960932,1586,336
1307,PASS,19579,32824,99112512,1586,336
1308,PASS,19595,32824,99264208,1586,336
1309,PASS,19638,32824,99416020,1586,336
1310,PASS,19662,32824,99567948,1586,336
1311,PASS,19692,32824,99719992,1586,336
1312,PASS,19883,32824,99872152,1586,336
1313,PASS,19759,32824,100024428,1586,336
1314,PASS,19935,32824,100176820,1586,336
1315,PASS,19814,32824,100329328,1586,336
1316,PASS,19853,32824,100481952,1586,336
1317,PASS,20030,32824,100634692,1586,336
1318,PASS,19906,32824,100787548,1586,336
1319,PASS,19935,32824,100940520,1586,336
1320,PASS,19965,32824,101093608,1586,336
1321,PASS,20009,32824,101246812,1586,336
1322,PASS,20192,32824,101400132,1586,336
1323,PASS,20070,32824,101553568,1586,336
1324,PASS,20252,32824,101707120,1586,336
1325,PASS,20116,32824,101860788,1586,336
1326,PASS,20151,32824,102014572,1586,336
1327,PASS,20191,32824,102168472,1586,336
1328,PASS,20375,32824,102322488,1586,336
1329,PASS,20256,32824,102476620,1586,336
1330,PASS,20707,32824,102630868,1586,336
1331,PASS,20302,32824,102785232,1586,336
1332,PASS,20498,32824,102939712,1586,336
1333,PASS,20519,32824,103094308,1586,336
1334,PASS,20548,32824,103249020,1586,336
1335,PASS,20591,32824,103403848,1586,336
1336,PASS,20452,32824,103558792,1586,336
1337,PASS,20489,32824,103713852,1586,336
1338,PASS,20516,32824,103869028,1586,336
1339,PASS,20544,32824,104024320,1586,336
1340,PASS,20578,32824,104179728,1586,336
1341,PASS,20605,32824,104335252,1586,336
1342,PASS,20807,32824,104490892,1586,336
1343,PASS,20833,32824,104646648,1586,336
1344,PASS,20873,32824,104802520,1586,336
1345,PASS,20723,32824,104958508,1586,336
1346,PASS,20770,32824,105114612,1586,336
1347,PASS,20782,32824,105270832,1586,336
1348,PASS,20819,32824,105427168,1586,336
1349,PASS,21019,32824,105583620,1586,336
1350,PASS,20959,32824,105740188,1586,336
1351,PASS,21077,32824,105896872,1586,336
1352,PASS,20955,32824,106053672,1586,336
1353,PASS,20984,32824,106210588,1586,336
1354,PASS,21181,32824,106367620,1586,336
1355,PASS,21031,32824,106524768,1586,336
1356,PASS,21081,32824,106682032,1586,336
1357,PASS,21277,32824,106839412,1586,336
1358,PASS,21128,32824,106996908,1586,336
1359,PASS,21360,32824,107154520,1586,336
1360,PASS,21190,32824,107312248,1586,336
1361,PASS,21216,32824,107470092,1586,336
1362,PASS,21317,32824,107628052,1586,336
1363,PASS,21298,32824,107786128,1586,336
1364,PASS,21310,32824,107944320,1586,336
1365,PASS,21519,32824,108102628,1586,336
1366,PASS,21545,32824,108261052,1586,336
1367,PASS,21407,32824,108419592,1586,336
1368,PASS,21605,32824,108578248,1586,336
1369,PASS,21649,32824,108737020,1586,336
1370,PASS,21676,32824,108895908,1586,336
1371,PASS,21541,32824,109054912,1586,336
1372,PASS,21576,32824,109214032,1586,336
1373,PASS,21609,32824,109373268,1586,336
1374,PASS,21637,32824,109532620,1586,336
1375,PASS,21842,32824,109692088,1586,336
1376,PASS,21870,32824,109851672,1586,336
1377,PASS,21734,32824,110011372,1586,336
1378,PASS,21763,32824,110171188,1586,336
1379,PASS,21959,32824,110331120,1586,336
1380,PASS,21992,32824,110491168,1586,336
1381,PASS,21861,32824,110651332,1586,336
1382,PASS,21875,32824,110811612,1586,336
1383,PASS,22118,32824,110972008,1586,336
1384,PASS,21934,32824,111132520,1586,336
1385,PASS,21975,32824,111293148,1586,336
1386,PASS,21998,32824,111453892,1586,336
1387,PASS,22217,32824,111614752,1586,336
1388,PASS,22080,32824,111775728,1586,336
1389,PASS,22109,32824,111936820,1586,336
1390,PASS,22306,32824,112098028,1586,336
1391,PASS,22169,32824,112259352,1586,336
1392,PASS,22367,32824,112420792,1586,336
1393,PASS,22223,32824,112582348,1586,336
1394,PASS,22253,32824,112744020,1586,336
1395,PASS,22297,32824,112905808,1586,336
1396,PASS,22536,32824,113067712,1586,336
1397,PASS,22557,32824,113229732,1586,336
1398,PASS,22556,32824,113391868,1586,336
1399,PASS,22614,32824,113554120,1586,336
1400,PASS,22654,32824,113716488,1586,336
1401,PASS,22495,32824,113878972,1586,336
1402,PASS,22692,32824,114041572,1586,336
1403,PASS,22553,32824,114204288,1586,336
1404,PASS,22582,32824,114367120,1586,336
1405,PASS,22833,32824,114530068,1586,336
1406,PASS,22651,32824,114693132,1586,336
1407,PASS,22877,32824,114856312,1586,336
1408,PASS,22910,32824,115019608,1586,336
1409,PASS,22739,32824,115183020,1586,336
1410,PASS,22785,32824,115346548,1586,336
1411,PASS,22948,32824,115510192,1586,336
1412,FAIL,22841,32824,115673952,1586,336
1413,PASS,22880,32824,115837828,1586,336
1414,PASS,22920,32824,116001820,1586,336
1415,PASS,22936,32824,116165928,1586,336
1416,PASS,23174,32824,116330152,1586,336
1417,PASS,23175,32824,116494492,1586,336
1418,PASS,23042,32824,116658948,1586,336
1419,PASS,23079,32824,116823520,1586,336
1420,PASS,23295,32824,116988208,1586,336
1421,PASS,23138,32824,117153012,1586,336
1422,PASS,23360,32824,117317932,1586,336
1423,PASS,23197,32824,117482968,1586,336
1424,PASS,23239,32824,117648120,1586,336
1425,PASS,23461,32824,117813388,1586,336
1426,PASS,23294,32824,117978772,1586,336
1427,PASS,23335,32824,118144272,1586,336
1428,PASS,23557,32824,118309888,1586,336
1429,PASS,23401,32824,118475620,1586,336
1430,PASS,23636,32824,118641468,1586,336
1431,PASS,23649,32824,118807432,1586,336
1432,PASS,23670,32824,118973512,1586,336
1433,PASS,23540,32824,119139708,1586,336
1434,PASS,23557,32824,119306020,1586,336
1435,PASS,23594,32824,119472448,1586,336
1436,PASS,23628,32824,119638992,1586,336
1437,PASS,23855,32824,119805652,1586,336
1438,PASS,23800,32824,119972428,1586,336
1439,PASS,23922,32824,120139320,1586,336
1440,PASS,23741,32824,120306328,1586,336
1441,PASS,24005,32824,120473452,1586,336
1442,PASS,23823,32824,120640692,1586,336
1443,PASS,23862,32824,120808048,1586,336
1444,PASS,24089,32824,120975520,1586,336
1445,PASS,24098,32824,121143108,1586,336
1446,PASS,23950,32824,121310812,1586,336
1447,FAIL,23962,32824,121478632,1586,336
1448,PASS,24214,32824,121646568,1586,336
1449,PASS,24057,32824,121814620,1586,336
1450,PASS,24300,32824,121982788,1586,336
1451,PASS,24310,32824,122151072,1586,336
1452,PASS,24148,32824,122319472,1586,336
1453,PASS,24191,32824,122487988,1586,336
1454,PASS,24225,32824,122656620,1586,336
1455,PASS,24454,32824,122825368,1586,336
1456,PASS,24288,32824,122994232,1586,336
1457,PASS,24330,32824,123163212,1586,336
1458,PASS,24539,32824,123332308,1586,336
1459,PASS,24380,32824,123501520,1586,336
1460,PASS,24598,32824,123670848,1586,336
1461,PASS,24449,32824,123840292,1586,336
1462,PASS,24495,32824,124009852,1586,336
1463,PASS,24523,32824,124179528,1586,336
1464,PASS,24541,32824,124349320,1586,336
1465,PASS,24588,32824,124519228,1586,336
1466,PASS,24825,32824,124689252,1586,336
1467,PASS,24647,32824,124859392,1586,336
1468,PASS,24688,32824,125029648,1586,336
1469,PASS,24928,32824,125200020,1586,336
1470,PASS,24942,32824,125370508,1586,336
1471,PASS,24780,32824,125541112,1586,336
1472,PASS,24899,32824,125711832,1586,336
1473,PASS,25052,32824,125882668,1586,336
1474,PASS,24890,32824,126053620,1586,336
1475,PASS,25124,32824,126224688,1586,336
1476,PASS,25159,32824,126395872,1586,336
1477,PASS,25397,32824,126567172,1586,336
1478,PASS,25023,32824,126738588,1586,336
1479,PASS,25064,32824,126910120,1586,336
1480,PASS,25096,32824,127081768,1586,336
1481,PASS,25138,32824,127253532,1586,336
1482,PASS,25362,32824,127425412,1586,336
1483,PASS,25195,32824,127597408,1586,336
1484,PASS,25217,32824,127769520,1586,336
1485,PASS,25461,32824,127941748,1586,336
1486,PASS,25286,32824,128114092,1586,336
1487,PASS,25525,32824,128286552,1586,336
1488,PASS,25362,32824,128459128,1586,336
1489,PASS,25597,32824,128631820,1586,336
1490,PASS,25435,32824,128804628,1586,336
1491,PASS,25675,32824,128977552,1586,336
1492,PASS,25503,32824,129150592,1586,336
1493,PASS,25535,32824,129323748,1586,336
1494,PASS,25771,32824,129497020,1586,336
1495,PASS,25601,32824,129670408,1586,336
1496,PASS,25642,32824,129843912,1586,336
1497,PASS,25671,32824,130017532,1586,336
1498,PASS,25898,32824,130191268,1586,336
1499,PASS,25934,32824,130365120,1586,336
1500,PASS,25777,32824,130539088,1586,336
1501,PASS,26031,32824,130713172,1586,336
1502,PASS,25849,32824,130887372,1586,336
1503,PASS,26091,32824,131061688,1586,336
1504,PASS,25904,32824,131236120,1586,336
1505,PASS,25935,32824,131410668,1586,336
1506,PASS,26196,32824,131585332,1586,336
1507,PASS,26017,32824,131760112,1586,336
1508,PASS,26046,32824,131935008,1586,336
1509,PASS,26310,32824,132110020,1586,336
1510,PASS,26137,32824,132285148,1586,336
1511,PASS,26142,32824,132460392,1586,336
1512,PASS,26166,32824,132635752,1586,336
1513,PASS,26431,32824,132811228,1586,336
1514,PASS,26264,32824,132986820,1586,336
1515,PASS,26292,32824,133162528,1586,336
1516,PASS,26329,32824,133338352,1586,336
1517,PASS,26584,32824,133514292,1586,336
1518,PASS,26607,32824,133690348,1586,336
1519,PASS,26431,32824,133866520,1586,336
1520,PASS,26690,32824,134042808,1586,336
1521,PASS,26500,32824,134219212,1586,336
1522,PASS,26548,32824,134395732,1586,336
1523,PASS,26778,32824,134572368,1586,336
1524,PASS,26829,32824,134749120,1586,336
1525,PASS,26651,32824,134925988,1586,336
1526,PASS,26675,32824,135102972,1586,336
1527,PASS,26930,32824,135280072,1586,336
1528,PASS,26737,32824,135457288,1586,336
1529,PASS,26788,32824,135634620,1586,336
1530,PASS,27021,32824,135812068,1586,336
1531,PASS,27013,32824,135989632,1586,336
1532,PASS,27096,32824,136167312,1586,336
1533,PASS,26911,32824,136345108,1586,336
1534,PASS,27172,32824,136523020,1586,336
1535,PASS,26996,32824,136701048,1586,336
1536,PASS,27040,32824,136879192,1586,336
1537,PASS,27278,32824,137057452,1586,336
1538,PASS,27107,32824,137235828,1586,336
1539,PASS,27342,32824,137414320,1586,336
1540,PASS,27170,32824,137592928,1586,336
1541,PASS,27199,32824,137771652,1586,336
1542,PASS,27246,32824,137950492,1586,336
1543,PASS,27284,32824,138129448,1586,336
1544,PASS,27526,32824,138308520,1586,336
1545,PASS,27350,32824,138487708,1586,336
1546,PASS,27591,32824,138667012,1586,336
1547,PASS,27637,32824,138846432,1586,336
1548,PASS,27450,32824,139025968,1586,336
1549,PASS,27753,32824,139205620,1586,336
1550,PASS,27519,32824,139385388,1586,336
1551,PASS,27779,32824,139565272,1586,336
1552,PASS,27581,32824,139745272,1586,336
1553,PASS,27633,32824,139925388,1586,336
1554,PASS,27898,32824,140105620,1586,336
1555,PASS,27910,32824,140285968,1586,336
1556,PASS,27977,32824,140466432,1586,336
1557,PASS,27787,32824,140647012,1586,336
1558,PASS,28022,32824,140827708,1586,336
1559,PASS,27835,32824,141008520,1586,336
1560,PASS,27874,32824,141189448,1586,336
1561,PASS,27908,32824,141370492,1586,336
1562,PASS,28180,32824,141551652,1586,336
1563,PASS,28217,32824,141732928,1586,336
1564,PASS,28261,32824,141914320,1586,336
1565,PASS,28282,32824,142095828,1586,336
1566,PASS,28095,32824,142277452,1586,336
1567,PASS,28106,32824,142459192,1586,336
1568,PASS,28174,32824,142641048,1586,336
1569,PASS,28209,32824,142823020,1586,336
1570,PASS,28241,32824,143005108,1586,336
1571,PASS,28260,32824,143187312,1586,336
1572,PASS,28332,32824,143369632,1586,336
1573,PASS,28571,32824,143552068,1586,336
1574,PASS,28389,32824,143734620,1586,336
1575,PASS,28665,32824,143917288,1586,336
1576,PASS,28633,32824,144100072,1586,336
1577,PASS,28740,32824,144282972,1586,336
1578,PASS,28530,32824,144465988,1586,336
1579,PASS,28781,32824,144649120,1586,336
1580,PASS,28602,32824,144832368,1586,336
1581,PASS,28623,32824,145015732,1586,336
1582,PASS,28674,32824,145199212,1586,336
1583,PASS,28693,32824,145382808,1586,336
1584,PASS,28997,32824,145566520,1586,336
1585,PASS,28794,32824,145750348,1586,336
1586,PASS,28827,32824,145934292,1586,336
1587,PASS,28840,32824,146118352,1586,336
1588,PASS,28883,32824,146302528,1586,336
1589,PASS,28922,32824,146486820,1586,336
1590,PASS,28968,32824,146671228,1586,336
1591,PASS,29005,32824,146855752,1586,336
1592,PASS,29027,32824,147040392,1586,336
1593,PASS,29094,32824,147225148,1586,336
1594,PASS,29110,32824,147410020,1586,336
1595,PASS,29225,32824,147595008,1586,336
1596,PASS,29392,32824,147780112,1586,336
1597,PASS,29207,32824,147965332,1586,336
1598,PASS,29249,32824,148150668,1586,336
1599,PASS,29280,32824,148336120,1586,336
1600,PASS,29311,32824,148521688,1586,336
1601,PASS,29340,32824,148707372,1586,336
1602,PASS,29394,32824,148893172,1586,336
1603,PASS,29416,32824,149079088,1586,336
1604,PASS,29469,32824,149265120,1586,336
1605,PASS,29624,32824,149451268,1586,336
1606,PASS,29545,32824,149637532,1586,336
1607,PASS,29822,32824,149823912,1586,336
1608,PASS,29626,32824,150010408,1586,336
1609,PASS,29651,32824,150197020,1586,336
1610,PASS,29917,32824,150383748,1586,336
1611,PASS,29713,32824,150570592,1586,336
1612,PASS,29986,32824,150757552,1586,336
1613,PASS,30088,32824,150944628,1586,336
1614,PASS,29829,32824,151131820,1586,336
1615,PASS,29869,32824,151319128,1586,336
1616,PASS,30146,32824,151506552,1586,336
1617,PASS,29932,32824,151694092,1586,336
1618,PASS,29979,32824,151881748,1586,336
1619,PASS,30000,32824,152069520,1586,336
1620,PASS,30089,32824,152257408,1586,336
1621,PASS,30087,32824,152445412,1586,336
1622,PASS,30156,32824,152633532,1586,336
1623,PASS,30409,32824,152821768,1586,336
1624,PASS,30464,32824,153010120,1586,336
1625,PASS,30267,32824,153198588,1586,336
1626,PASS,30531,32824,153387172,1586,336
1627,PASS,30350,32824,153575872,1586,336
1628,PASS,30593,32824,153764688,1586,336
1629,PASS,30436,32824,153953620,1586,336
1630,PASS,30651,32824,154142668,1586,336
1631,PASS,30713,32824,154331832,1586,336
1632,PASS,30776,32824,154521112,1586,336
1633,PASS,30526,32824,154710508,1586,336
1634,PASS,30844,32824,154900020,1586,336
1635,PASS,30870,32824,155089648,1586,336
1636,PASS,30661,32824,155279392,1586,336
1637,FAIL,30944,32824,155469252,1586,336
1638,PASS,30740,32824,155659228,1586,336
1639,FAIL,30774,32824,155849320,1586,336
1640,PASS,31077,32824,156039528,1586,336
1641,PASS,30845,32824,156229852,1586,336
1642,PASS,30881,32824,156420292,1586,336
1643,PASS,31165,32824,156610848,1586,336
1644,PASS,30946,32824,156801520,1586,336
1645,PASS,31233,32824,156992308,1586,336
1646,PASS,31307,32824,157183212,1586,336
1647,PASS,31072,32824,157374232,1586,336
1648,PASS,31121,32824,157565368,1586,336
1649,PASS,31385,32824,157756620,1586,336
1650,PASS,31188,32824,157947988,1586,336
1651,PASS,31221,32824,158139472,1586,336
1652,PASS,31509,32824,158331072,1586,336
1653,PASS,31288,32824,158522788,1586,336
1654,PASS,31344,32824,158714620,1586,336
1655,PASS,31377,32824,158906568,1586,336
1656,PASS,31413,32824,159098632,1586,336
1657,PASS,31433,32824,159290812,1586,336
1658,PASS,31470,32824,159483108,1586,336
1659,PASS,31530,32824,159675520,1586,336
1660,PASS,31553,32824,159868048,1586,336
1661,PASS,31617,32824,160060692,1586,336
1662,PASS,31893,32824,160253452,1586,336
1663,PASS,31678,32824,160446328,1586,336
1664,PASS,31731,32824,160639320,1586,336
1665,PASS,31766,32824,160832428,1586,336
1666,PASS,31797,32824,161025652,1586,336
1667,PASS,32066,32824,161218992,1586,336
1668,PASS,31848,32824,161412448,1586,336
1669,PASS,31884,32824,161606020,1586,336
1670,PASS,31925,32824,161799708,1586,336
1671,PASS,32229,32824,161993512,1586,336
1672,PASS,32286,32824,162187432,1586,336
1673,PASS,32058,32824,162381468,1586,336
1674,PASS,32080,32824,162575620,1586,336
1675,PASS,32126,32824,162769888,1586,336
1676,PASS,32176,32824,162964272,1586,336
1677,PASS,32478,32824,163158772,1586,336
1678,PASS,32250,32824,163353388,1586,336
1679,PASS,32293,32824,163548120,1586,336
1680,PASS,32576,32824,163742968,1586,336
1681,PASS,32649,32824,163937932,1586,336
1682,PASS,32670,32824,164133012,1586,336
1683,PASS,32445,32824,164328208,1586,336
1684,PASS,32481,32824,164523520,1586,336
1685,PASS,32520,32824,164718948,1586,336
1686,PASS,32548,32824,164914492,1586,336
1687,PASS,32848,32824,165110152,1586,336
1688,PASS,32616,32824,165305928,1586,336
1689,PASS,32672,32824,165501820,1586,336
1690,PASS,32722,32824,165697828,1586,336
1691,FAIL,32748,32824,165893952,1586,336
1692,PASS,32788,32824,166090192,1586,336
1693,PASS,32830,32824,166286548,1586,336
1694,PASS,32855,32824,166483020,1586,336
1695,PASS,33150,32824,166679608,1586,336
1696,PASS,32961,32824,166876312,1586,336
1697,PASS,32996,32824,167073132,1586,336
1698,PASS,33289,32824,167270068,1586,336
1699,PASS,33068,32824,167467120,1586,336
1700,PASS,33125,32824,167664288,1586,336
1701,PASS,33126,32824,167861572,1586,336
1702,PASS,33176,32824,168058972,1586,336
1703,PASS,33230,32824,168256488,1586,336
1704,PASS,33252,32824,168454120,1586,336
1705,PASS,33284,32824,168651868,1586,336
1706,PASS,33315,32824,168849732,1586,336
1707,PASS,33344,32824,169047712,1586,336
1708,PASS,33461,32824,169245808,1586,336
1709,PASS,33427,32824,169444020,1586,336
1710,PASS,33767,32824,169642348,1586,336
1711,PASS,33515,32824,169840792,1586,336
1712,PASS,33560,32824,170039352,1586,336
1713,PASS,33611,32824,170238028,1586,336
1714,PASS,33923,32824,170436820,1586,336
1715,PASS,33674,32824,170635728,1586,336
1716,PASS,33714,32824,170834752,1586,336
1717,PASS,33790,32824,171033892,1586,336
1718,PASS,33814,32824,171233148,1586,336
1719,PASS,34092,32824,171432520,1586,336
1720,PASS,33898,32824,171632008,1586,336
1721,FAIL,33908,32824,171831612,1586,336
1722,PASS,34022,32824,172031332,1586,336
1723,PASS,34013,32824,172231168,1586,336
1724,PASS,34335,32824,172431120,1586,336
1725,PASS,34079,32824,172631188,1586,336
1726,PASS,34126,32824,172831372,1586,336
1727,PASS,34404,32824,173031672,1586,336
1728,PASS,34208,32824,173232088,1586,336
1729,PASS,34224,32824,173432620,1586,336
1730,PASS,34537,32824,173633268,1586,336
1731,PASS,34322,32824,173834032,1586,336
1732,PASS,34643,32824,174034912,1586,336
1733,PASS,34385,32824,174235908,1586,336
1734,PASS,34455,32824,174437020,1586,336
1735,PASS,34468,32824,174638248,1586,336
1736,PASS,34795,32824,174839592,1586,336
1737,PASS,34566,32824,175041052,1586,336
1738,PASS,34867,32824,175242628,1586,336
1739,PASS,34904,32824,175444320,1586,336
1740,PASS,34674,32824,175646128,1586,336
1741,FAIL,34719,32824,175848052,1586,336
1742,PASS,34778,32824,176050092,1586,336
1743,PASS,35097,32824,176252248,1586,336
1744,PASS,34852,32824,176454520,1586,336
1745,PASS,34865,32824,176656908,1586,336
1746,PASS,34909,32824,176859412,1586,336
1747,PASS,34938,32824,177062032,1586,336
1748,PASS,35263,32824,177264768,1586,336
1749,PASS,35046,32824,177467620,1586,336
1750,PASS,35351,32824,177670588,1586,336
1751,PASS,35377,32824,177873672,1586,336
1752,PASS,35159,32824,178076872,1586,336
1753,PASS,35188,32824,178280188,1586,336
1754,PASS,35216,32824,178483620,1586,336
1755,PASS,35303,32824,178687168,1586,336
1756,PASS,35579,32824,178890832,1586,336
1757,PASS,35361,32824,179094612,1586,336
1758,PASS,35389,32824,179298508,1586,336
1759,PASS,35705,32824,179502520,1586,336
1760,PASS,35767,32824,179706648,1586,336
1761,PASS,35761,32824,179910892,1586,336
1762,PASS,35834,32824,180115252,1586,336
1763,PASS,35574,32824,180319728,1586,336
1764,PASS,35942,32824,180524320,1586,336
1765,PASS,35669,32824,180729028,1586,336
1766,PASS,35996,32824,180933852,1586,336
1767,PASS,36027,32824,181138792,1586,336
1768,PASS,35808,32824,181343848,1586,336
1769,PASS,36104,32824,181549020,1586,336
1770,PASS,35893,32824,181754308,1586,336
1771,PASS,35918,32824,181959712,1586,336
1772,PASS,36249,32824,182165232,1586,336
1773,PASS,36008,32824,182370868,1586,336
1774,PASS,36053,32824,182576620,1586,336
1775,PASS,36096,32824,182782488,1586,336
1776,PASS,36415,32824,182988472,1586,336
1777,PASS,36457,32824,183194572,1586,336
1778,PASS,36508,32824,183400788,1586,336
1779,PASS,36261,32824,183607120,1586,336
1780,PASS,36293,32824,183813568,1586,336
1781,PASS,36599,32824,184020132,1586,336
1782,PASS,36362,32824,184226812,1586,336
1783,PASS,36412,32824,184433608,1586,336
1784,PASS,36465,32824,184640520,1586,336
1785,PASS,36783,32824,184847548,1586,336
1786,PASS,36524,32824,185054692,1586,336
1787,PASS,36852,32824,185261952,1586,336
1788,PASS,36628,32824,185469328,1586,336
1789,PASS,36637,32824,185676820,1586,336
1790,PASS,36683,32824,185884428,1586,336
1791,PASS,36728,32824,186092152,1586,336
1792,PASS,36784,32824,186299992,1586,336
1793,PASS,36808,32824,186507948,1586,336
1794,PASS,36848,32824,186716020,1586,336
1795,PASS,36910,32824,186924208,1586,336
1796,PASS,37247,32824,187132512,1586,336
1797,PASS,37275,32824,187340932,1586,336
1798,PASS,37011,32824,187549468,1586,336
1799,PASS,37355,32824,187758120,1586,336
1800,PASS,37080,32824,187966888,1586,336
1801,PASS,37456,32824,188175772,1586,336
1802,PASS,37488,32824,188384772,1586,336
1803,PASS,37552,32824,188593888,1586,336
1804,PASS,37557,32824,188803120,1586,336
1805,PASS,37309,32824,189012468,1586,336
1806,PASS,37384,32824,189221932,1586,336
1807,PASS,37389,32824,189431512,1586,336
1808,PASS,37426,32824,189641208,1586,336
1809,PASS,37792,32824,189851020,1586,336
1810,PASS,37529,32824,190060948,1586,336
1811,PASS,37564,32824,190270992,1586,336
1812,PASS,37600,32824,190481152,1586,336
1813,PASS,37926,32824,190691428,1586,336
1814,PASS,37990,32824,190901820,1586,336
1815,PASS,37744,32824,191112328,1586,336
1816,PASS,37763,32824,191322952,1586,336
1817,PASS,37817,32824,191533692,1586,336
1818,PASS,37858,32824,191744548,1586,336
1819,PASS,38207,32824,191955520,1586,336
1820,PASS,38230,32824,192166608,1586,336
1821,PASS,38007,32824,192377812,1586,336
1822,PASS,37983,32824,192589132,1586,336
1823,PASS,38062,32824,192800568,1586,336
1824,PASS,38391,32824,193012120,1586,336
1825,PASS,38166,32824,193223788,1586,336
1826,PASS,38190,32824,193435572,1586,336
1827,PASS,38227,32824,193647472,1586,336
1828,PASS,38287,32824,193859488,1586,336
1829,PASS,38305,32824,194071620,1586,336
1830,PASS,38659,32824,194283868,1586,336
1831,PASS,38387,32824,194496232,1586,336
1832,PASS,38426,32824,194708712,1586,336
1833,PASS,38481,32824,194921308,1586,336
1834,PASS,38527,32824,195134020,1586,336
1835,PASS,38550,32824,195346848,1586,336
1836,PASS,38913,32824,195559792,1586,336
1837,PASS,38665,32824,195772852,1586,336
1838,PASS,38983,32824,195986028,1586,336
1839,PASS,39049,32824,196199320,1586,336
1840,PASS,38761,32824,196412728,1586,336
1841,PASS,38815,32824,196626252,1586,336
1842,PASS,38851,32824,196839892,1586,336
1843,PASS,39285,32824,197053648,1586,336
1844,PASS,38956,32824,197267520,1586,336
1845,PASS,39286,32824,197481508,1586,336
1846,PASS,39010,32824,197695612,1586,336
1847,PASS,39352,32824,197909832,1586,336
1848,PASS,39424,32824,198124168,1586,336
1849,PASS,39490,32824,198338620,1586,336
1850,PASS,39525,32824,198553188,1586,336
1851,FAIL,39560,32824,198767872,1586,336
1852,PASS,39416,32824,198982672,1586,336
1853,PASS,39331,32824,199197588,1586,336
1854,PASS,39711,32824,199412620,1586,336
1855,PASS,39381,32824,199627768,1586,336
1856,PASS,39498,32824,199843032,1586,336
1857,PASS,39810,32824,200058412,1586,336
1858,PASS,39533,32824,200273908,1586,336
1859,PASS,39605,32824,200489520,1586,336
1860,PASS,39605,32824,200705248,1586,336
1861,FAIL,39990,32824,200921092,1586,336
1862,PASS,39996,32824,201137052,1586,336
1863,PASS,39763,32824,201353128,1586,336
1864,PASS,40162,32824,201569320,1586,336
1865,PASS,39824,32824,201785628,1586,336
1866,PASS,40221,32824,202002052,1586,336
1867,PASS,39903,32824,202218592,1586,336
1868,PASS,39940,32824,202435248,1586,336
1869,PASS,40012,32824,202652020,1586,336
1870,PASS,40038,32824,202868908,1586,336
1871,PASS,40067,32824,203085912,1586,336
1872,PASS,40137,32824,203303032,1586,336
1873,PASS,40167,32824,203520268,1586,336
1874,PASS,40536,32824,203737620,1586,336
1875,PASS,40323,32824,203955088,1586,336
1876,PASS,40604,32824,204172672,1586,336
1877,PASS,40353,32824,204390372,1586,336
1878,PASS,40689,32824,204608188,1586,336
1879,PASS,40787,32824,204826120,1586,336
1880,PASS,40780,32824,205044168,1586,336
1881,PASS,40858,32824,205262332,1586,336
1882,PASS,40569,32824,205480612,1586,336
1883,PASS,40607,32824,205699008,1586,336
1884,PASS,40652,32824,205917520,1586,336
1885,PASS,40991,32824,206136148,1586,336
1886,PASS,40709,32824,206354892,1586,336
1887,PASS,40741,32824,206573752,1586,336
1888,PASS,41143,32824,206792728,1586,336
1889,PASS,40855,32824,207011820,1586,336
1890,PASS,41237,32824,207231028,1586,336
1891,PASS,40920,32824,207450352,1586,336
1892,PASS,40969,32824,207669792,1586,336
1893,PASS,41040,32824,207889348,1586,336
1894,PASS,41066,32824,208109020,1586,336
1895,PASS,41432,32824,208328808,1586,336
1896,PASS,41468,32824,208548712,1586,336
1897,PASS,41345,32824,208768732,1586,336
1898,PASS,41568,32824,208988868,1586,336
1899,PASS,41273,32824,209209120,1586,336
1900,PASS,41357,32824,209429488,1586,336
1901,PASS,41379,32824,209649972,1586,336
1902,PASS,41416,32824,209870572,1586,336
1903,PASS,41503,32824,210091288,1586,336
1904,PASS,41598,32824,210312120,1586,336
1905,PASS,41530,32824,210533068,1586,336
1906,PASS,41620,32824,210754132,1586,336
1907,PASS,41616,32824,210975312,1586,336
1908,PASS,41680,32824,211196608,1586,336
1909,FAIL,41704,32824,211418020,1586,336
1910,PASS,41795,32824,211639548,1586,336
1911,PASS,42143,32824,211861192,1586,336
1912,PASS,42179,32824,212082952,1586,336
1913,PASS,41904,32824,212304828,1586,336
1914,PASS,42135,32824,212526820,1586,336
1915,PASS,42003,32824,212748928,1586,336
1916,PASS,42355,32824,212971152,1586,336
1917,PASS,42071,32824,213193492,1586,336
1918,PASS,42138,32824,213415948,1586,336
1919,PASS,42479,32824,213638520,1586,336
1920,PASS,42543,32824,213861208,1586,336
1921,PASS,42247,32824,214084012,1586,336
1922,PASS,42641,32824,214306932,1586,336
1923,PASS,42328,32824,214529968,1586,336
1924,PASS,42383,32824,214753120,1586,336
1925,PASS,42443,32824,214976388,1586,336
1926,PASS,42489,32824,215199772,1586,336
1927,FAIL,42518,32824,215423272,1586,336
1928,PASS,42580,32824,215646888,1586,336
1929,PASS,42960,32824,215870620,1586,336
1930,PASS,42998,32824,216094468,1586,336
1931,PASS,42678,32824,216318432,1586,336
1932,PASS,43058,32824,216542512,1586,336
1933,PASS,42810,32824,216766708,1586,336
1934,PASS,42811,32824,216991020,1586,336
1935,PASS,42860,32824,217215448,1586,336
1936,PASS,42941,32824,217439992,1586,336
1937,PASS,42943,32824,217664652,1586,336
1938,PASS,43363,32824,217889428,1586,336
1939,PASS,43379,32824,218114320,1586,336
1940,PASS,43085,32824,218339328,1586,336
1941,PASS,43152,32824,218564452,1586,336
1942,PASS,43166,32824,218789692,1586,336
1943,FAIL,43580,32824,219015048,1586,336
1944,PASS,43265,32824,219240520,1586,336
1945,PASS,43664,32824,219466108,1586,336
1946,PASS,43720,32824,219691812,1586,336
1947,PASS,43401,32824,219917632,1586,336
1948,PASS,43459,32824,220143568,1586,336
1949,FAIL,43503,32824,220369620,1586,336
1950,PASS,43536,32824,220595788,1586,336
1951,FAIL,43899,32824,220822072,1586,336
1952,PASS,43613,32824,221048472,1586,336
1953,PASS,43654,32824,221274988,1586,336
1954,PASS,44058,32824,221501620,1586,336
1955,PASS,44107,32824,221728368,1586,336
1956,PASS,43792,32824,221955232,1586,336
1957,PASS,44183,32824,222182212,1586,336
1958,PASS,43896,32824,222409308,1586,336
1959,PASS,43920,32824,222636520,1586,336
1960,PASS,44018,32824,222863848,1586,336
1961,PASS,44011,32824,223091292,1586,336
1962,PASS,44060,32824,223318852,1586,336
1963,PASS,44114,32824,223546528,1586,336
1964,PASS,44174,32824,223774320,1586,336
1965,PASS,44584,32824,224002228,1586,336
1966,PASS,44247,32824,224230252,1586,336
1967,PASS,44267,32824,224458392,1586,336
1968,PASS,44328,32824,224686648,1586,336
1969,PASS,44781,32824,224915020,1586,336
1970,PASS,44801,32824,225143508,1586,336
1971,PASS,44485,32824,225372112,1586,336
1972,PASS,44880,32824,225600832,1586,336
1973,PASS,44581,32824,225829668,1586,336
1974,PASS,44621,32824,226058620,1586,336
1975,PASS,44634,32824,226287688,1586,336
1976,PASS,44723,32824,226516872,1586,336
1977,PASS,45108,32824,226746172,1586,336
1978,PASS,44822,32824,226975588,1586,336
1979,FAIL,44817,32824,227205120,1586,336
1980,PASS,44901,32824,227434768,1586,336
1981,PASS,45305,32824,227664532,1586,336
1982,PASS,44994,32824,227894412,1586,336
1983,PASS,45063,32824,228124408,1586,336
1984,PASS,45094,32824,228354520,1586,336
1985,PASS,45451,32824,228584748,1586,336
1986,PASS,45151,32824,228815092,1586,336
1987,PASS,45536,32824,229045552,1586,336
1988,PASS,45260,32824,229276128,1586,336
1989,PASS,45278,32824,229506820,1586,336
1990,PASS,45330,32824,229737628,1586,336
1991,PASS,45489,32824,229968552,1586,336
1992,PASS,45814,32824,230199592,1586,336
1993,PASS,45950,32824,230430748,1586,336
1994,PASS,45502,32824,230662020,1586,336
1995,PASS,45960,32824,230893408,1586,336
1996,PASS,45631,32824,231124912,1586,336
1997,FAIL,45638,32824,231356532,1586,336
1998,PASS,45723,32824,231588268,1586,336
1999,PASS,46134,32824,231820120,1586,336
2000,PASS,46164,32824,232052088,1586,336
2001,PASS,46199,32824,232284172,1586,336
2002,PASS,45904,32824,232516372,1586,336
2003,PASS,46307,32824,232748688,1586,336
2004,PASS,45970,32824,232981120,1586,336
2005,PASS,46005,32824,233213668,1586,336
2006,PASS,46081,32824,233446332,1586,336
2007,PASS,46108,32824,233679112,1586,336
2008,PASS,46153,32824,233912008,1586,336
2009,PASS,46234,32824,234145020,1586,336
2010,PASS,46231,32824,234378148,1586,336
2011,PASS,46274,32824,234611392,1586,336
2012,PASS,46348,32824,234844752,1586,336
2013,PASS,46368,32824,235078228,1586,336
2014,PASS,46547,32824,235311820,1586,336
2015,PASS,46494,32824,235545528,1586,336
2016,PASS,46556,32824,235779352,1586,336
2017,PASS,46585,32824,236013292,1586,336
2018,PASS,46986,32824,236247348,1586,336
2019,PASS,46985,32824,236481520,1586,336
2020,PASS,46696,32824,236715808,1586,336
2021,FAIL,47114,32824,236950212,1586,336
2022,PASS,46834,32824,237184732,1586,336
2023,PASS,46860,32824,237419368,1586,336
2024,PASS,46930,32824,237654120,1586,336
2025,PASS,46938,32824,237888988,1586,336
2026,PASS,47024,32824,238123972,1586,336
2027,PASS,47430,32824,238359072,1586,336
2028,PASS,47467,32824,238594288,1586,336
2029,PASS,47123,32824,238829620,1586,336
2030,PASS,47586,32824,239065068,1586,336
2031,PASS,47244,32824,239300632,1586,336
2032,PASS,47288,32824,239536312,1586,336
2033,PASS,47331,32824,239772108,1586,336
2034,PASS,47375,32824,240008020,1586,336
2035,PASS,47382,32824,240244048,1586,336
2036,PASS,47870,32824,240480192,1586,336
2037,FAIL,47465,32824,240716452,1586,336
2038,PASS,47536,32824,240952828,1586,336
2039,PASS,47595,32824,241189320,1586,336
2040,PASS,48014,32824,241425928,1586,336
2041,PASS,47675,32824,241662652,1586,336
2042,PASS,48095,32824,241899492,1586,336
2043,PASS,47770,32824,242136448,1586,336
2044,PASS,47814,32824,242373520,1586,336
2045,PASS,47888,32824,242610708,1586,336
2046,PASS,48333,32824,242848012,1586,336
2047,FAIL,47986,32824,243085432,1586,336
2048,PASS,48229,32824,243322968,1586,336
2049,PASS,48084,32824,243560620,1586,336
2050,PASS,48094,32824,243798388,1586,336
2051,FAIL,48564,32824,244036272,1586,336
2052,PASS,48620,32824,244274272,1586,336
2053,FAIL,48262,32824,244512388,1586,336
2054,PASS,48324,32824,244750620,1586,336
2055,PASS,48367,32824,244988968,1586,336
2056,PASS,48371,32824,245227432,1586,336
2057,PASS,48460,32824,245466012,1586,336
2058,PASS,48516,32824,245704708,1586,336
2059,PASS,48903,32824,245943520,1586,336
2060,PASS,48610,32824,246182448,1586,336
2061,PASS,48612,32824,246421492,1586,336
2062,PASS,49074,32824,246660652,1586,336
2063,PASS,49130,32824,246899928,1586,336
2064,PASS,48756,32824,247139320,1586,336
2065,PASS,49184,32824,247378828,1586,336
2066,PASS,48880,32824,247618452,1586,336
2067,PASS,49278,32824,247858192,1586,336
2068,PASS,48990,32824,248098048,1586,336
2069,PASS,48991,32824,248338020,1586,336
2070,PASS,49422,32824,248578108,1586,336
2071,FAIL,49119,32824,248818312,1586,336
2072,PASS,49143,32824,249058632,1586,336
2073,PASS,49573,32824,249299068,1586,336
2074,PASS,49672,32824,249539620,1586,336
2075,PASS,49285,32824,249780288,1586,336
2076,PASS,49357,32824,250021072,1586,336
2077,PASS,49778,32824,250261972,1586,336
2078,PASS,49460,32824,250502988,1586,336
2079,PASS,49692,32824,250744120,1586,336
2080,PASS,49544,32824,250985368,1586,336
2081,PASS,49983,32824,251226732,1586,336
2082,PASS,49591,32824,251468212,1586,336
2083,FAIL,49642,32824,251709808,1586,336
2084,PASS,50096,32824,251951520,1586,336
2085,PASS,50156,32824,252193348,1586,336
2086,PASS,49867,32824,252435292,1586,336
2087,FAIL,49836,32824,252677352,1586,336
2088,PASS,49898,32824,252919528,1586,336
2089,FAIL,49969,32824,253161820,1586,336
2090,PASS,50021,32824,253404228,1586,336
2091,PASS,50075,32824,253646752,1586,336
2092,PASS,50111,32824,253889392,1586,336
2093,PASS,50127,32824,254132148,1586,336
2094,PASS,50588,32824,254375020,1586,336
2095,FAIL,50227,32824,254618008,1586,336
2096,PASS,50714,32824,254861112,1586,336
2097,PASS,50366,32824,255104332,1586,336
2098,PASS,50776,32824,255347668,1586,336
2099,PASS,50826,32824,255591120,1586,336
2100,PASS,50567,32824,255834688,1586,336
2101,PASS,50543,32824,256078372,1586,336
2102,PASS,50972,32824,256322172,1586,336
2103,PASS,50644,32824,256566088,1586,336
2104,FAIL,50638,32824,256810120,1586,336
2105,PASS,50718,32824,257054268,1586,336
2106,PASS,50755,32824,257298532,1586,336
2107,PASS,51216,32824,257542912,1586,336
2108,PASS,50868,32824,257787408,1586,336
2109,PASS,50935,32824,258032020,1586,336
2110,PASS,51373,32824,258276748,1586,336
2111,PASS,51034,32824,258521592,1586,336
2112,PASS,51078,32824,258766552,1586,336
2113,PASS,51093,32824,259011628,1586,336
2114,PASS,51172,32824,259256820,1586,336
2115,PASS,51690,32824,259502128,1586,336
2116,PASS,51259,32824,259747552,1586,336
2117,PASS,51734,32824,259993092,1586,336
2118,PASS,51338,32824,260238748,1586,336
2119,PASS,51783,32824,260484520,1586,336
2120,PASS,51878,32824,260730408,1586,336
2121,PASS,51478,32824,260976412,1586,336
2122,PASS,51946,32824,261222532,1586,336
2123,PASS,51573,32824,261468768,1586,336
2124,PASS,52044,32824,261715120,1586,336
2125,PASS,52125,32824,261961588,1586,336
2126,PASS,51715,32824,262208172,1586,336
2127,PASS,52235,32824,262454872,1586,336
2128,PASS,51815,32824,262701688,1586,336
2129,PASS,51878,32824,262948620,1586,336
2130,PASS,52339,32824,263195668,1586,336
2131,FAIL,51959,32824,263442832,1586,336
2132,PASS,52472,32824,263690112,1586,336
2133,PASS,52068,32824,263937508,1586,336
2134,PASS,52178,32824,264185020,1586,336
2135,PASS,52598,32824,264432648,1586,336
2136,PASS,52248,32824,264680392,1586,336
2137,PASS,52273,32824,264928252,1586,336
2138,PASS,52347,32824,265176228,1586,336
2139,PASS,52784,32824,265424320,1586,336
2140,PASS,52402,32824,265672528,1586,336
2141,PASS,52506,32824,265920852,1586,336
2142,PASS,52538,32824,266169292,1586,336
2143,PASS,52564,32824,266417848,1586,336
2144,PASS,53023,32824,266666520,1586,336
2145,PASS,52658,32824,266915308,1586,336
2146,PASS,52755,32824,267164212,1586,336
2147,PASS,52778,32824,267413232,1586,336
2148,PASS,52834,32824,267662368,1586,336
2149,PASS,52862,32824,267911620,1586,336
2150,PASS,53368,32824,268160988,1586,336
2151,PASS,52990,32824,268410472,1586,336
2152,PASS,53473,32824,268660072,1586,336
2153,PASS,53048,32824,268909788,1586,336
2154,PASS,53122,32824,269159620,1586,336
2155,FAIL,53581,32824,269409568,1586,336
2156,PASS,53667,32824,269659632,1586,336
2157,PASS,53699,32824,269909812,1586,336
2158,PASS,53713,32824,270160108,1586,336
2159,FAIL,53363,32824,270410520,1586,336
2160,PASS,53880,32824,270661048,1586,336
2161,PASS,53464,32824,270911692,1586,336
2162,PASS,53956,32824,271162452,1586,336
2163,PASS,53964,32824,271413328,1586,336
2164,PASS,54023,32824,271664320,1586,336
2165,PASS,54055,32824,271915428,1586,336
2166,PASS,54127,32824,272166652,1586,336
2167,PASS,54155,32824,272417992,1586,336
2168,PASS,53830,32824,272669448,1586,336
2169,PASS,54308,32824,272921020,1586,336
2170,PASS,54311,32824,273172708,1586,336
2171,PASS,54409,32824,273424512,1586,336
2172,PASS,53994,32824,273676432,1586,336
2173,PASS,54527,32824,273928468,1586,336
2174,PASS,54099,32824,274180620,1586,336
2175,PASS,54567,32824,274432888,1586,336
2176,PASS,54191,32824,274685272,1586,336
2177,PASS,54661,32824,274937772,1586,336
2178,PASS,54804,32824,275190388,1586,336
2179,FAIL,54378,32824,275443120,1586,336
2180,PASS,54418,32824,275695968,1586,336
2181,PASS,54451,32824,275948932,1586,336
2182,PASS,54984,32824,276202012,1586,336
2183,PASS,54962,32824,276455208,1586,336
2184,PASS,54589,32824,276708520,1586,336
2185,PASS,55066,32824,276961948,1586,336
2186,PASS,54736,32824,277215492,1586,336
2187,PASS,55172,32824,277469152,1586,336
2188,PASS,55286,32824,277722928,1586,336
2189,FAIL,54825,32824,277976820,1586,336
2190,PASS,54930,32824,278230828,1586,336
2191,PASS,54945,32824,278484952,1586,336
2192,PASS,55004,32824,278739192,1586,336
2193,PASS,55077,32824,278993548,1586,336
2194,PASS,55534,32824,279248020,1586,336
2195,PASS,55189,32824,279502608,1586,336
2196,PASS,55226,32824,279757312,1586,336
2197,PASS,55676,32824,280012132,1586,336
2198,PASS,55303,32824,280267068,1586,336
2199,PASS,55778,32824,280522120,1586,336
2200,PASS,55425,32824,280777288,1586,336
2201,PASS,55881,32824,281032572,1586,336
2202,PASS,55916,32824,281287972,1586,336
2203,PASS,55535,32824,281543488,1586,336
2204,PASS,55794,32824,281799120,1586,336
2205,PASS,55638,32824,282054868,1586,336
2206,PASS,55687,32824,282310732,1586,336
2207,PASS,55740,32824,282566712,1586,336
2208,PASS,55831,32824,282822808,1586,336
2209,PASS,55888,32824,283079020,1586,336
2210,PASS,56311,32824,283335348,1586,336
2211,PASS,55964,32824,283591792,1586,336
2212,PASS,56018,32824,283848352,1586,336
2213,PASS,56533,32824,284105028,1586,336
2214,PASS,56106,32824,284361820,1586,336
2215,PASS,56638,32824,284618728,1586,336
2216,PASS,56704,32824,284875752,1586,336
2217,PASS,56434,32824,285132892,1586,336
2218,PASS,56321,32824,285390148,1586,336
2219,FAIL,56797,32824,285647520,1586,336
2220,PASS,56854,32824,285905008,1586,336
2221,PASS,56902,32824,286162612,1586,336
2222,PASS,56533,32824,286420332,1586,336
2223,PASS,57058,32824,286678168,1586,336
2224,PASS,57045,32824,286936120,1586,336
2225,PASS,57107,32824,287194188,1586,336
2226,PASS,57198,32824,287452372,1586,336
2227,PASS,56731,32824,287710672,1586,336
2228,PASS,56810,32824,287969088,1586,336
2229,PASS,56850,32824,288227620,1586,336
2230,PASS,56912,32824,288486268,1586,336
2231,PASS,56986,32824,288745032,1586,336
2232,PASS,57479,32824,289003912,1586,336
2233,PASS,57560,32824,289262908,1586,336
2234,PASS,57373,32824,289522020,1586,336
2235,PASS,57180,32824,289781248,1586,336
2236,PASS,57678,32824,290040592,1586,336
2237,PASS,57258,32824,290300052,1586,336
2238,PASS,57788,32824,290559628,1586,336
2239,PASS,57407,32824,290819320,1586,336
2240,PASS,57465,32824,291079128,1586,336
2241,PASS,57513,32824,291339052,1586,336
2242,PASS,57654,32824,291599092,1586,336
2243,FAIL,57621,32824,291859248,1586,336
2244,PASS,57671,32824,292119520,1586,336
2245,FAIL,57664,32824,292379908,1586,336
2246,PASS,58195,32824,292640412,1586,336
2247,PASS,57832,32824,292901032,1586,336
2248,PASS,58294,32824,293161768,1586,336
2249,FAIL,57942,32824,293422620,1586,336
2250,PASS,57957,32824,293683588,1586,336
2251,PASS,58478,32824,293944672,1586,336
2252,PASS,58496,32824,294205872,1586,336
2253,PASS,58134,32824,294467188,1586,336
2254,PASS,58140,32824,294728620,1586,336
2255,PASS,58220,32824,294990168,1586,336
2256,PASS,58267,32824,295251832,1586,336
2257,PASS,58762,32824,295513612,1586,336
2258,PASS,58398,32824,295775508,1586,336
2259,PASS,58925,32824,296037520,1586,336
2260,PASS,58466,32824,296299648,1586,336
2261,PASS,58555,32824,296561892,1586,336
2262,PASS,59001,32824,296824252,1586,336
2263,FAIL,58629,32824,297086728,1586,336
2264,PASS,59120,32824,297349320,1586,336
2265,PASS,59190,32824,297612028,1586,336
2266,PASS,59243,32824,297874852,1586,336
2267,FAIL,59270,32824,298137792,1586,336
2268,PASS,58848,32824,298400848,1586,336
2269,PASS,58974,32824,298664020,1586,336
2270,PASS,59490,32824,298927308,1586,336
2271,PASS,59476,32824,299190712,1586,336
2272,PASS,59117,32824,299454232,1586,336
2273,PASS,59638,32824,299717868,1586,336
2274,PASS,59644,32824,299981620,1586,336
2275,PASS,59265,32824,300245488,1586,336
2276,PASS,59325,32824,300509472,1586,336
2277,PASS,59813,32824,300773572,1586,336
2278,PASS,59434,32824,301037788,1586,336
2279,PASS,59443,32824,301302120,1586,336
2280,PASS,59515,32824,301566568,1586,336
2281,PASS,60010,32824,301831132,1586,336
2282,PASS,59586,32824,302095812,1586,336
2283,PASS,59639,32824,302360608,1586,336
2284,PASS,59744,32824,302625520,1586,336
2285,PASS,59763,32824,302890548,1586,336
2286,PASS,60256,32824,303155692,1586,336
2287,PASS,60334,32824,303420952,1586,336
2288,PASS,60389,32824,303686328,1586,336
2289,PASS,60474,32824,303951820,1586,336
2290,PASS,60016,32824,304217428,1586,336
2291,PASS,60073,32824,304483152,1586,336
2292,PASS,60125,32824,304748992,1586,336
2293,PASS,60649,32824,305014948,1586,336
2294,PASS,60708,32824,305281020,1586,336
2295,PASS,60258,32824,305547208,1586,336
2296,PASS,60876,32824,305813512,1586,336
2297,PASS,60873,32824,306079932,1586,336
2298,PASS,60961,32824,306346468,1586,336
2299,FAIL,60483,32824,306613120,1586,336
2300,PASS,60532,32824,306879888,1586,336
2301,PASS,60599,32824,307146772,1586,336
2302,PASS,60647,32824,307413772,1586,336
2303,FAIL,61188,32824,307680888,1586,336
2304,PASS,61128,32824,307948120,1586,336
2305,PASS,60786,32824,308215468,1586,336
2306,PASS,61336,32824,308482932,1586,336
2307,PASS,61445,32824,308750512,1586,336
2308,PASS,61440,32824,309018208,1586,336
2309,PASS,61013,32824,309286020,1586,336
2310,PASS,61111,32824,309553948,1586,336
2311,PASS,61457,32824,309821992,1586,336
2312,PASS,61647,32824,310090152,1586,336
2313,PASS,61276,32824,310358428,1586,336
2314,PASS,61343,32824,310626820,1586,336
2315,PASS,61309,32824,310895328,1586,336
2316,PASS,61376,32824,311163952,1586,336
2317,PASS,61496,32824,311432692,1586,336
2318,PASS,61532,32824,311701548,1586,336
2319,PASS,61566,32824,311970520,1586,336
2320,PASS,62095,32824,312239608,1586,336
2321,PASS,62197,32824,312508812,1586,336
2322,PASS,61745,32824,312778132,1586,336
2323,PASS,62244,32824,313047568,1586,336
2324,PASS,61852,32824,313317120,1586,336
2325,PASS,61896,32824,313586788,1586,336
2326,FAIL,62436,32824,313856572,1586,336
2327,PASS,61985,32824,314126472,1586,336
2328,PASS,62046,32824,314396488,1586,336
2329,PASS,62577,32824,314666620,1586,336
2330,PASS,62166,32824,314936868,1586,336
